id,pid,sex,sexl,age,tem,hb_g_dl,currfever,country,casetype,micr_result,micr_result_l,asexpar_ul_mic,asexpar_ml_mic,logasexpar_ml_mic,gam_ul_mic,gam_ml_mic,loggam_ml_mic,totpar_ml_mic,logtotpar_ml_mic,pcr_r,pv18sct,logpv18ssq_pcr_copies_ml,pv18ssq_pcr_copies_ml,pv18ssq_sample_copies_ml,logpv18ssq_sample_copies_ml,pvs25ct,logpvs25sq_pcr_copies_ml,pvs25sq_pcr_copies_ml,pvs25sq_sample_copies_ml,logpvs25sq_sample_copies_ml,pf18sct,pf18ssq_pcr_copies_ml,pf18ssq_pcr_copies_ul,pf18ssq_smaple_copies_ul,pf18ssq_smaple_copies_ml,pf18s_par_sample_ul,pf18s_par_sample_ml,pfmgetct,pfmgetsq_pcr_copies_ml,pfmgetsq_sample_copies_ml,pfmget_sample_gam_ml,ccp4ct,ccp4sq_pcr_copies_ml,ccp4sq_sample_copies_ml,ccp4_sample_gam_ml,infstat,site,fdate,nrmosq_diss,nr_infmosq,pmos,log_pmos,totocyburden,mnoocyst_infmosq,totmeanoocyst,log10_totmeanoocyst,nfed,feed_eff,logpf18ssq_sample_copies_ml,pcr_par,micr_par,pvgam_s,pvgam_ms,pv_status,pvceltos_od_d1,pvceltos_od_d2,pvceltos_dil_elisa,pvs230_od_d1_surafel,pvs230_od_d2_surafel,pvs230_dil_elisa_surafel,pvs230_od_d1_karina,pvs230_od_d2_karina,pvs230_dil_elisa_karina,pvs47_od_d1,pvs47_od_d2,pvs47_dil_elisa,pvs4845_od_d1,pvs4845_od_d2,pvs4845_dil_elisa,pvs25_od_d1,pvs25_od_d2,pvs25_dil_elisa,_merge,,,,
AD-134-R01,AD134,M,1,18,37.3,19.2,0,0,1,,,,,,,,,,,2,25.18,5.220071685,165986.0861,49845.67151,4.697627451,21.41,7.060065418,11483265.81,2517352.565,6.537621184,,,,,,,,,,,,,,,,1,Awash,21-Sep-2020,30,10,33.33333333,1.522878745,22,2.2,0.733333333,-0.134698574,,,,1,,1,,2,0.151,0.148,200,0.107,0.111,200,0.077,0.074,200,0.098,0.092,200,0.112,0.147,200,0.054,0.056,200,matched (3),,,,
AD02,AD02,M,1,23,35.8,12.4,0,0,1,pv,2,588,588000,5.769377326,0,0,,588000,5.769377326,2,29.4,3.707526882,5099.491612,1531.378862,3.185082648,26.01,5.692239072,492310.4702,406532.1802,5.609094929,,,,,,,,,,,,,,,,0,Adama,12-Feb-2019,30,0,0,,0,0,0,,108,72.5,,1,1,1,0,2,,,,,,,,,,,,,,,,,,,master only (1),,,,
AD03,AD03,F,0,31,36.9,11.7,0,0,1,pv,2,10088,10088000,7.003805074,457,457000,5.6599162,10545000,7.023046584,2,24.2,5.571326165,372671.4858,111913.3591,5.048881931,19.4,7.65774606,45472209.81,37549306.2,7.574601917,,,,,,,,,,,,,,,,1,Adama,12-Feb-2019,30,24,80,1.903089987,475,19.79166667,15.8,1.198657087,104,74.3,,1,1,1,1,2,,,,,,,,,,,,,,,,,,,master only (1),,,,
AD05,AD05,M,1,29,39.3,15.4,1,0,1,pv,2,512,512000,5.709269961,0,0,,512000,5.709269961,2,27.3,4.460215054,28854.5997,8665.044956,3.93777082,24.57,6.120428189,1319557.104,1089642.53,6.037284046,,,,,,,,,,,,,,,,1,Adama,18-Feb-2019,30,24,80,1.903089987,,,,,125,67.6,,1,1,1,0,2,,,,,,,,,,,,,,,,,,,master only (1),,,,
AD06,AD06,M,1,27,40,15.1,1,0,1,pv,2,3200,3200000,6.505149978,0,0,,3200000,6.505149978,2,28,4.209318996,16192.68981,4862.669611,3.686874763,25.98,5.701159679,502527.3219,414968.8868,5.618015536,,,,,,,,,,,,,,,,1,Adama,19-Feb-2019,30,1,3.3,0.51851394,1,1,0.03,-1.522878745,139,71.65,,1,1,1,0,2,,,,,,,,,,,,,,,,,,,master only (1),,,,
AD07,AD07,M,1,28,40,13.8,1,0,1,pv,2,7223,7223000,6.858717615,0,0,,7223000,6.858717615,2,25,5.284587814,192569.6378,57828.72007,4.76214358,20.01,7.476360393,29947487.51,24729552.03,7.393216249,,,,,,,,,,,,,,,,0,Adama,28-Feb-2019,35,0,0,,0,0,0,,113,81.3,,1,1,1,0,2,,,,,,,,,,,,,,,,,,,master only (1),,,,
AD08,AD08,F,0,38,36.5,13.4,0,0,1,pv,2,10076,10076000,7.003288159,146,146000,5.164352856,10222000,7.009535877,2,20,7.076702509,11931705.05,3583094.608,6.554258275,18.47,7.934284865,85957715.5,70980772.5,7.851140722,,,,,,,,,,,,,,,,1,Adama,8-Mar-2019,34,31,91.2,1.959994838,873,28.16129032,25.7,1.409933123,70,58.3,,1,1,1,1,2,,,,,,,,,,,,,,,,,,,master only (1),,,,
AD10,AD10,F,0,40,36,12.8,0,0,1,pv,2,1631,1631000,6.212453961,0,0,,1631000,6.212453961,2,27.3,4.460215054,28854.5997,8665.044956,3.93777082,22.65,6.691347012,4913002.799,4056980.016,6.608202868,,,,,,,,,,,,,,,,0,Adama,18-Mar-2019,30,0,0,,0,0,0,,56,50.9,,1,1,1,0,2,,,,,,,,,,,,,,,,,,,master only (1),,,,
AD100,AD100,M,1,60,39.2,,1,0,1,pv,2,386,386000,5.586587305,0,0,,386000,5.586587305,2,23.61,5.782795699,606450.9754,182117.41,5.260351465,19.04,7.764793339,58182628.76,48045110.45,7.681649196,,,,,,,,,,,,,,,,0,Adama,13-Nov-2019,30,0,0,,0,0,0,,107,89.9,,1,1,1,0,2,0.501,0.52,200,0.386,0.381,200,0.409,0.36,200,0.22,0.258,200,0.221,0.218,200,0.18,0.195,200,matched (3),,,,
AD102,AD102,M,1,22,35.8,,0,0,1,pv,2,5892,5892000,6.770262738,897,897000,5.952792443,6789000,6.831805809,2,24.35,5.517562724,329278.0067,98882.28428,4.995118491,19.77,7.547725245,35295980.05,29146143.73,7.464581102,,,,,,,,,,,,,,,,1,Adama,19-Nov-2019,20,6,30,1.477121255,82,13.66666667,4.1,0.612783857,163,87.6,,1,1,1,1,2,0.23,0.211,200,0.387,0.37,200,0.145,0.182,200,0.189,0.227,200,0.411,0.441,200,0.12,0.135,200,matched (3),,,,
AD103,AD103,M,1,19,38.2,,1,0,1,pv,2,663,663000,5.821513528,259,259000,5.413299764,922000,5.964730921,2,24.04,5.628673835,425278.8992,127711.3811,5.106229602,20.28,7.396074933,24892867.82,20555629.91,7.31293079,,,,,,,,,,,,,,,,1,Adama,20-Nov-2019,30,6,20,1.301029996,24,4,0.8,-0.096910013,93,81.5,,1,1,1,1,2,0.289,0.342,200,0.233,0.282,200,0.16,0.133,200,0.181,0.164,200,0.181,0.212,200,0.095,0.102,200,matched (3),,,,
AD104,AD104,M,1,30,37.9,17.8,1,0,1,pv,2,2196,2196000,6.341632336,0,0,,2196000,6.341632336,3,23.17,5.940501792,871970.4995,261853.0028,5.418057559,19.77,7.547725245,35295980.05,29146143.73,7.464581102,39.77,3.232,0.003232,0.000979394,0.979393939,0.000326465,0.326464646,,,,,,,,,1,Adama,28-Nov-2019,29,9,31,1.491361694,55,6.111111111,1.9,0.278753601,111,86.7,-0.009042588,1,1,1,0,,0.101,0.375,200,0.072,0.211,200,0.175,0.139,200,0.598,0.539,200,0.214,0.197,200,0.134,0.111,200,matched (3),,,,
AD106,AD106,M,1,25,34.9,9.7,0,0,1,pv,2,24277,24277000,7.385195018,600,600000,5.77815125,24877000,7.395798006,2,24.56,5.442293907,276881.4794,83147.59142,4.919849673,18.32,7.978887898,95255025.52,78658154.85,7.895743755,,,,,,,,,,,,,,,,1,Adama,2-Dec-2019,20,12,60,1.77815125,304,25.33333333,15.2,1.181843588,209,87.8,,1,1,1,1,2,0.781,0.85,200,0.873,0.964,200,0.727,0.793,200,0.401,0.431,200,1.558,1.781,200,0.239,0.237,200,matched (3),,,,
AD108,AD108,M,1,26,32.2,14.6,0,0,1,pv,2,3841,3841000,6.584444307,0,0,,3841000,6.584444307,2,23.58,5.793548387,621653.5057,186682.7344,5.271104154,20.65,7.286054118,19322090.79,15955483.72,7.202909975,,,,,,,,,,,,,,,,1,Adama,4-Dec-2019,30,2,6.7,0.826074803,11,5.5,0.4,-0.397940009,63,69,,1,1,1,0,2,0.338,0.312,200,0.394,0.355,200,0.371,0.356,200,0.234,0.224,200,0.478,0.482,200,0.175,0.183,200,matched (3),,,,
AD11,AD11,M,1,33,39.2,13.2,1,0,1,pfpv,3,533,533000,5.726727209,0,0,,533000,5.726727209,2,25.5,5.105376344,127460.7132,38276.49044,4.582932111,21.17,7.131430271,13534127.72,11175993.16,7.048286127,,,,,,,,,,,,,,,,1,Adama,19-Mar-2019,36,9,25,1.397940009,14,1.555555556,0.4,-0.397940009,98,81.6,,1,1,1,0,2,,,,,,,,,,,,,,,,,,,master only (1),,,,
AD110,AD110,M,1,19,35.7,17,0,0,1,pv,2,27243,27243000,7.43525493,0,0,,27243000,7.43525493,2,23.38,5.865232975,733217.7583,220185.513,5.342788741,19.98,7.485280999,30568983.61,25242761.03,7.402136856,,,,,,,,,,,,,,,,1,Adama,6 December 2019,30,28,93.3,1.969881644,1420,50.71428571,47.3,1.674861141,190,82,,1,1,1,0,2,0.175,0.169,200,0.119,0.118,200,0.321,0.299,200,0.14,0.129,200,0.232,0.214,200,0.082,0.082,200,matched (3),,,,
AD112,AD112,M,1,28,37.1,14.8,0,0,1,pv,2,9393,9393000,6.972804322,0,0,,9393000,6.972804322,2,24.57,5.438709677,274605.782,82464.19881,4.916265444,22.66,6.688373476,4879479.256,4029297.487,6.605229333,,,,,,,,,,,,,,,,1,Adama,12 December 2019,30,16,53.3,1.726727209,87,5.4375,2.9,0.462397998,89,80.2,,1,1,1,0,2,0.507,0.491,200,0.334,0.313,200,0.378,0.331,200,0.51,0.52,200,0.237,0.31,200,0.203,0.184,200,matched (3),,,,
AD113,AD113,M,1,30,39.9,10.1,1,0,1,pfpv,3,14680,14680000,7.166726056,600,600000,5.77815125,15280000,7.184123354,2,20.28,6.976344086,9469871.502,2843805.256,6.453899853,19.07,7.755872733,56999721.36,47068308.31,7.67272859,,,,,,,,,,,,,,,,0,Adama,12 December 2019,30,0,0,,0,0,0,,72,75,,1,1,1,1,2,0.447,0.403,200,0.226,0.227,200,0.352,0.435,200,0.615,0.791,200,0.291,0.396,200,0.156,0.162,200,matched (3),,,,
AD114,AD114,F,0,8,,12,,0,1,pv,2,11356,11356000,7.055225384,0,0,,11356000,7.055225384,2,21.3,6.610752688,4080869.324,1225486.283,6.088308455,18.37,7.96402022,92049242.74,76010935.37,7.880876077,,,,,,,,,,,,,,,,1,Adama,17 December 2019,30,13,43.3,1.636487896,877,67.46153846,29.2,1.465382851,82,77.3,,1,1,1,0,2,0.359,0.338,200,0.169,0.165,200,0.156,0.137,200,0.206,0.192,200,0.346,0.251,200,0.098,0.094,200,matched (3),,,,
AD115,AD115,F,0,7,37.8,14.7,1,0,1,pfpv,3,32585,32585000,7.513017725,594,594000,5.773786445,33179000,7.520863292,2,19.15,7.381362007,24063677.98,7226329.723,6.858917774,19.08,7.752899197,56610787.61,46747140.88,7.669755054,,,,,,,,,,,,,,,,1,Adama,21 December 2019,30,17,56.7,1.753583059,99,5.823529412,3.3,0.51851394,116,78.9,,1,1,1,1,2,0.154,0.198,200,0.136,0.17,200,0.081,0.302,200,0.173,0.142,200,0.19,0.21,200,0.109,0.105,200,matched (3),,,,
AD116,AD116,F,0,16,37,13,0,0,1,pv,2,10069,10069000,7.002986341,1600,1600000,6.204119983,11669000,7.06703364,2,21.7,6.467383513,2933482.573,880925.6976,5.944939279,18.37,7.96402022,92049242.74,76010935.37,7.880876077,,,,,,,,,,,,,,,,0,Adama,26 December 2019,30,0,0,,0,0,0,,76,76.8,,1,1,1,1,2,0.333,0.341,200,0.233,0.243,200,0.317,0.244,200,0.219,0.193,200,0.259,0.215,200,0.142,0.129,200,matched (3),,,,
AD117,AD117,M,1,25,37.1,14,0,0,1,pv,2,20240,20240000,7.306210508,0,0,,20240000,7.306210508,2,19.35,7.309677419,20402219.67,6126792.695,6.787233186,17.61,8.190008921,154884843.3,127898301.6,8.106864777,,,,,,,,,,,,,,,,1,Adama,1 January 2020,30,18,60,1.77815125,1964,109.1111111,65.5,1.8162413,74,82.2,,1,1,1,0,2,0.561,0.482,200,0.46,0.402,200,0.485,0.639,200,0.293,0.309,200,0.44,0.389,200,0.199,0.193,200,matched (3),,,,
AD118,AD118,M,1,12,37.1,10,0,0,1,pfpv,3,18507,18507000,7.267336025,398,398000,5.599883072,18905000,7.276576682,3,17.16,8.094623656,124343662.7,37340439.25,7.572179422,13.97,9.272375855,1872301800,1546079108,9.189231712,26.06,7945,7.945,2.407575758,2407.575758,0.802525253,802.5252525,,,,,,,,,1,Adama,1 January 2020,30,4,13.3,1.123851641,7,1.75,0.2,-0.698970004,66,78.2,3.381579876,1,1,1,1,,0.982,0.919,200,0.584,0.561,200,0.883,0.649,200,0.435,0.362,200,2.629,2.458,200,0.254,0.206,200,matched (3),,,,
AD119,AD119,M,1,42,38.6,13.6,1,0,1,pv,2,1663,1663000,6.220892249,396,396000,5.597695186,2059000,6.313656347,2,20.68,6.83297491,6807300.311,2044234.328,6.310530677,18.23,8.005649718,101309394,83657633.35,7.922505574,,,,,,,,,,,,,,,,1,Adama,2 January 2020,30,17,56.7,1.753583059,349,20.52941176,11.6,1.064457989,67,75.3,,1,1,1,1,2,2.348,2.497,200,0.26,0.257,200,1.275,1.049,200,0.196,0.152,200,1.334,1.059,200,0.62,0.559,200,matched (3),,,,
AD120,AD120,M,1,20,37.8,12.6,1,0,1,pv,2,30969,30969000,7.490927182,666,666000,5.823474229,31635000,7.500167839,2,18.85,7.488888889,30823992.4,9256454.173,6.966444655,18.37,7.96402022,92049242.74,76010935.37,7.880876077,,,,,,,,,,,,,,,,1,Adama,3 January 2020,30,8,26.7,1.426511261,12,1.5,0.4,-0.397940009,102,89.2,,1,1,1,1,2,0.591,0.605,200,0.102,0.106,200,0.223,0.23,200,0.165,0.133,200,0.24,0.205,200,0.104,0.095,200,matched (3),,,,
AD121,AD121,M,1,19,36.3,10.4,0,0,1,pv,2,8866,8866000,6.947727727,157,157000,5.195899652,9023000,6.955350957,2,20.57,6.872401434,7454206.742,2238500.523,6.3499572,18.62,7.889681832,77567863.88,64052736.48,7.806537689,,,,,,,,,,,,,,,,1,Adama,2 May 2020,30,18,60,1.77815125,158,8.777777778,5.3,0.72427587,,,,1,1,1,1,2,0.424,0.447,200,0.337,0.371,200,0.597,0.403,200,0.651,0.553,200,0.903,0.895,200,0.226,0.209,200,matched (3),,,,
AD123,AD123,F,0,14,37.6,13.6,1,0,1,pv,2,5269,5269000,6.721728199,269,269000,5.42975228,5538000,6.743352951,2,21.5,6.5390681,3459936.278,1039019.903,6.016623867,18.23,8.005649718,101309394,83657633.35,7.922505574,,,,,,,,,,,,,,,,1,Adama,2 October 2020,30,24,80,1.903089987,629,26.20833333,21,1.322219295,,,,1,1,1,1,2,0.364,0.353,200,0.189,0.176,200,0.235,0.135,200,0.213,0.128,200,0.877,0.291,200,0.142,0.102,200,matched (3),,,,
AD124,AD124,F,0,30,37.2,14.8,0,0,1,pv,2,16528,16528000,7.218220304,603,603000,5.780317312,17131000,7.233782715,2,18.45,7.632258065,42880324.62,12876974.36,7.109813831,17.39,8.255426702,180063920.8,148690273.1,8.172282559,,,,,,,,,,,,,,,,1,Adama,2 October 2020,30,12,40,1.602059991,118,9.833333333,3.9,0.591064607,,,,1,1,1,1,2,0.28,0.273,200,0.125,0.127,200,0.071,0.101,200,0.081,0.093,200,0.391,0.656,200,0.092,0.098,200,matched (3),,,,
AD125,AD125,M,1,27,38.4,14.1,1,0,1,pv,2,7124,7124000,6.852723911,0,0,,7124000,6.852723911,2,23.52,5.815053763,653211.4119,196159.5831,5.29260953,20.87,7.220636337,16620203.48,13724362.91,7.137492193,,,,,,,,,,,,,,,,0,Adama,20 February 2020,30,0,0,,0,0,0,,,,,1,1,1,0,2,0.253,0.251,200,0.235,0.243,200,0.344,0.224,200,0.121,0.141,200,0.31,0.331,200,0.097,0.105,200,matched (3),,,,
AD13,AD13,M,1,6,37.8,13.5,1,0,1,pfpv,3,13725,13725000,7.137512353,190,190000,5.278753601,13915000,7.143483211,2,19.93,7.101792115,12641310.96,3796189.479,6.579347881,19.65,7.583407672,38318426.92,31641971.03,7.500263529,,,,,,,,,,,,,,,,1,Adama,23 March 2019,32,27,84.4,1.926342447,140,5.185185185,4.4,0.643452676,95,70.4,,1,1,1,1,2,,,,,,,,,,,,,,,,,,,master only (1),,,,
AD14,AD14,F,0,46,35.8,13.2,0,0,1,pv,2,203,203000,5.307496038,0,0,,203000,5.307496038,2,23.04,5.987096774,970726.2509,291509.3846,5.464652541,21.61,7.000594707,10013703.02,8268953.771,6.917450564,,,,,,,,,,,,,,,,0,Adama,25 March 2019,30,0,0,,0,0,0,,60,68.1,,1,1,1,0,2,,,,,,,,,,,,,,,,,,,master only (1),,,,
AD15,AD15,M,1,21,34.8,16,0,0,1,pv,2,6368,6368000,6.804003055,218,218000,5.338456494,6586000,6.818621726,2,22.25,6.270250896,1863163.193,559508.4663,5.747806663,19.2,7.717216771,52145492.16,43059861.4,7.634072628,,,,,,,,,,,,,,,,1,Adama,4 March 2019,31,26,83.9,1.923761961,1069,41.11538462,34.5,1.537819095,56,91.81,,1,1,1,1,2,,,,,,,,,,,,,,,,,,,master only (1),,,,
AD16,AD16,M,1,38,36.5,16.2,0,0,1,pv,2,627,627000,5.797267541,0,0,,627000,5.797267541,2,26.78,4.646594982,44319.51326,13309.16314,4.124150749,25.41,5.870651204,742422.6352,613065.7598,5.787507061,,,,,,,,,,,,,,,,0,Adama,9 April 2019,30,0,0,,0,0,0,,86,75.4,,1,1,1,0,2,,,,,,,,,,,,,,,,,,,master only (1),,,,
AD18,AD18,F,0,16,35.3,13.6,0,0,1,pv,2,10224,10224000,7.009620841,366,366000,5.563481085,10590000,7.02489596,2,21.07,6.693189964,4933895.696,1481650.359,6.170745731,15.83,8.719298246,523960135.3,432667328.9,8.636154102,,,,,,,,,,,,,,,,1,Adama,11 April 2019,30,22,73.3,1.865103975,339,15.40909091,11.3,1.053078443,80,65,,1,1,1,1,2,,,,,,,,,,,,,,,,,,,master only (1),,,,
AD19,AD19,M,1,38,39.5,16.2,1,0,1,pv,2,109,109000,5.037426498,0,0,,109000,5.037426498,2,28.42,4.058781362,11449.36398,3438.247442,3.536337129,37.12,2.388641094,244.7040145,202.0677246,2.305496951,,,,,,,,,,,,,,,,0,Adama,16 April 2019,30,0,0,,0,0,0,,101,71.1,,1,1,1,0,2,,,,,,,,,,,,,,,,,,,master only (1),,,,
AD20,AD20,M,1,30,40.3,14,1,0,1,pv,2,17029,17029000,7.231189145,262,262000,5.418301291,17291000,7.237820111,2,21.62,6.496057348,3133699.495,941050.8995,5.973613114,19.4,7.65774606,45472209.81,37549306.2,7.574601917,,,,,,,,,,,,,,,,0,Adama,18 April 2019,30,0,0,,0,0,0,,81,65.8,,1,1,1,1,2,,,,,,,,,,,,,,,,,,,master only (1),,,,
AD21,AD21,F,0,37,34.6,12.7,0,0,1,pv,2,1069,1069000,6.028977705,0,0,,1069000,6.028977705,2,23.11,5.962007168,916235.6134,275145.8298,5.439562935,22.18,6.831103182,6778025.239,5597048.092,6.747959039,,,,,,,,,,,,,,,,0,Adama,19 April 2019,30,0,0,,0,0,0,,132,84.6,,1,1,1,0,2,,,,,,,,,,,,,,,,,,,master only (1),,,,
AD22,AD22,M,1,34,39.3,17.2,1,0,1,pv,2,15960,15960000,7.203032887,190,190000,5.278753601,16150000,7.208172527,2,23.14,5.95125448,893829.0807,268417.1413,5.428810247,20.57,7.309842403,20409971.7,16853816.44,7.226698259,,,,,,,,,,,,,,,,0,Adama,22 April 2019,30,0,0,,0,0,0,,112,84.2,,1,1,1,1,2,,,,,,,,,,,,,,,,,,,master only (1),,,,
AD27,AD27,M,1,20,36.3,15.5,0,0,1,pv,2,0,0,,475,475000,5.67669361,475000,5.67669361,2,24.85293118,5.337300652,217420.5811,65291.46579,4.814856419,20.89,7.214689266,16394163.63,13537707.38,7.131545122,,,,,,,,,,,,,,,,1,Adama,29 May 2019,30,5,16.7,1.222716471,9,1.8,0.3,-0.522878745,142,85.5,,1,1,1,1,2,,,,,,,,,,,,,,,,,,,master only (1),,,,
AD28,AD28,M,1,46,37.7,12,1,0,1,pv,2,1547,1547000,6.189490314,0,0,,1547000,6.189490314,2,25.89,4.965591398,92382.85889,27742.60027,4.443147164,20.09,7.452572108,28351243.25,23411431.26,7.369427965,,,,,,,,,,,,,,,,1,Adama,31 May 2019,30,18,60,1.77815125,53,2.944444444,1.8,0.255272505,144,84.7,,1,1,1,0,2,0.301,0.283,200,0.394,0.378,200,0.194,0.209,200,0.1,0.111,200,0.737,0.821,200,0.198,0.209,200,matched (3),,,,
AD29,AD29,M,1,38,38.2,,1,0,1,pv,2,400,400000,5.602059991,0,0,,400000,5.602059991,2,23.3,5.89390681,783261.5542,235213.6799,5.371462577,25.23,5.924174844,839798.0152,693474.8268,5.841030701,,,,,,,,,,,,,,,,,Adama,4 June 2019,,,,,,,,,110,68.75,,1,1,1,0,2,0.362,0.302,200,0.448,0.348,200,0.22,0.279,200,0.08,0.085,200,0.105,0.102,200,0.061,0.066,200,matched (3),,,,
AD31,AD31,F,0,17,37.6,12.5,1,0,1,pv,2,7683,7683000,6.885530833,0,0,,7683000,6.885530833,2,21.42,6.567741935,3696084.874,1109935.398,6.045297702,18.95,7.791555159,61880691.63,51098837.02,7.708411016,,,,,,,,,,,,,,,,,Adama,11 June 2019,,,,,,,,,116,75.8,,1,1,1,0,2,0.4,0.514,200,0.33,0.488,200,0.233,0.222,200,0.253,0.286,200,0.432,0.43,200,0.139,0.152,200,matched (3),,,,
AD32,AD32,M,1,23,36.7,14.2,0,0,1,pv,2,18832,18832000,7.274896445,688,688000,5.837588438,19520000,7.290479813,2,21.09,6.686021505,4853125.313,1457394.989,6.163577272,17.45,8.237585489,172816613,142705708.5,8.154441346,,,,,,,,,,,,,,,,,Adama,12 June 2019,,,,,,,,,94,77.6,,1,1,1,1,2,0.202,0.172,200,0.243,0.208,200,0.094,0.109,200,0.176,0.167,200,0.227,0.238,200,0.066,0.065,200,matched (3),,,,
AD33,AD33,F,0,31,38.8,12,1,0,1,pv,2,9029,9029000,6.955639653,372,372000,5.57054294,9401000,6.973174053,2,18.82,7.499641577,31596689.11,9488495.229,6.977197344,16.59,8.493309545,311393501.5,257137490.9,8.410165402,,,,,,,,,,,,,,,,,Adama,17 June 2019,,,,,,,,,114,81.4,,1,1,1,1,2,0.441,0.36,200,0.398,0.335,200,0.199,0.187,200,0.202,0.193,200,0.198,0.191,200,0.153,0.137,200,matched (3),,,,
AD34,AD34,M,1,32,40.2,13.4,1,0,1,pfpv,3,10523,10523000,7.02213957,0,0,,10523000,7.02213957,2,17.5,7.972759857,93920383.37,28204319.33,7.450315623,18.44,7.943205471,87741584.17,72453826.73,7.860061328,,,,,,,,,,,,,,,,,Adama,17 June 2019,,,,,,,,,106,77.4,,1,1,1,0,2,0.502,0.558,200,0.249,0.304,200,0.153,0.165,200,0.173,0.181,200,0.305,0.304,200,0.115,0.122,200,matched (3),,,,
AD35,AD35,F,0,41,36.3,13.7,0,0,1,pv,2,6686,6686000,6.825166372,0,0,,6686000,6.825166372,2,21.8,6.431541219,2701103.456,811142.1791,5.909096985,19.93,7.500148677,31633604.23,26121886.23,7.417004534,,,,,,,,,,,,,,,,,Adama,18 June 2019,,,,,,,,,117,77,,1,1,1,0,2,0.222,0.248,200,0.107,0.116,200,0.08,0.091,200,0.159,0.168,200,0.186,0.196,200,0.088,0.091,200,matched (3),,,,
AD36,AD36,M,1,40,37.8,16.6,1,0,1,pv,2,650,650000,5.812913357,72,72000,4.857332496,722000,5.858537198,2,26.46,4.761290323,57715.21563,17331.89659,4.238846089,22.97,6.596193875,3946334.321,3258740.149,6.513049731,,,,,,,,,,,,,,,,1,Adama,"Tuesday, 4 June 2019",30,4,13.3,1.123851641,6,1.5,0.2,-0.698970004,103,74.6,,1,1,1,1,2,0.23,0.246,200,0.09,0.093,200,0.08,0.082,200,0.101,0.104,200,0.14,0.14,200,0.059,0.061,200,matched (3),,,,
AD37,AD37,M,1,24,36,15.7,0,0,1,pv,2,4120,4120000,6.614897216,0,0,,4120000,6.614897216,2,21.73,6.456630824,2861744.286,859382.6685,5.934186591,20.37,7.369313113,23405240.78,19327201.31,7.28616897,,,,,,,,,,,,,,,,1,Adama,"Tuesday, 4 June 2019",30,19,63.3,1.80140371,168,8.842105263,5.6,0.748188027,127,83,,1,1,1,0,2,0.359,0.393,200,0.369,0.377,200,0.199,0.127,200,0.229,0.215,200,0.276,0.272,200,0.141,0.139,200,matched (3),,,,
AD38,AD38,M,1,18,38.5,15.4,1,0,1,pfpv,3,16784,16784000,7.224895471,0,0,,16784000,7.224895471,2,19.48,7.263082437,18326622.63,5503490.28,6.740638204,20.02,7.473386857,29743142.85,24560811.6,7.390242714,,,,,,,,,,,,,,,,1,Adama,"Tuesday, 25 June 2019",30,4,13.3,1.123851641,7,1.75,0.2,-0.698970004,102,80.9,,1,1,1,0,2,0.52,0.514,200,0.162,0.167,200,0.104,0.111,200,0.167,0.18,200,0.146,0.139,200,0.089,0.088,200,matched (3),,,,
AD41,AD41,M,1,26,38.8,15.9,1,0,1,pv,2,12280,12280000,7.089198367,0,0,,12280000,7.089198367,2,22.57,6.155555556,1430722.989,429646.5433,5.633111322,18.2,8.014570324,103411853.9,85393768.74,7.931426181,,,,,,,,,,,,,,,,0,Adama,"Monday, 1 July 2019",30,0,0,,0,0,0,,110,80.9,,1,1,1,0,2,0.204,0.21,200,0.164,0.166,200,0.207,0.18,200,1.113,0.963,200,0.561,0.528,200,0.136,0.127,200,matched (3),,,,
AD42,AD42,M,1,20,36.8,12.1,0,0,1,pv,2,3889,3889000,6.589837943,290,290000,5.462397998,4179000,6.621072371,2,22.09,6.327598566,2126172.841,638490.3426,5.805154333,18.3,7.984834969,96568385.09,79742679.68,7.901690826,,,,,,,,,,,,,,,,1,Adama,"Monday, 1 July 2019",30,25,83.3,1.920645001,1043,41.72,34.8,1.541579244,98,83,,1,1,1,1,2,0.533,0.528,200,0.274,0.273,200,0.254,0.189,200,0.403,0.373,200,0.267,0.253,200,0.112,0.114,200,matched (3),,,,
AD43,AD43,M,1,27,34.8,15.2,0,0,1,pv,2,16226,16226000,7.210211472,0,0,,16226000,7.210211472,2,21.45,6.556989247,3605697.156,1082791.939,6.034545014,18.18,8.020517395,104837678.4,86571163.03,7.937373252,,,,,,,,,,,,,,,,1,Adama,"Friday, 5 July 2019",30,11,36.7,1.564666064,162,14.72727273,5.4,0.73239376,114,82.6,,1,1,1,0,2,0.475,0.419,200,0.661,0.673,200,0.297,0.24,200,0.465,0.49,200,0.212,0.172,200,0.079,0.085,200,matched (3),,,,
AD46,AD46,F,0,28,36.8,14.3,0,0,1,pv,2,4019,4019000,6.604118006,0,0,,4019000,6.604118006,2,23.33,5.883154122,764106.9007,229461.5318,5.360709888,22.21,6.822182575,6640221.631,5483254.856,6.739038432,,,,,,,,,,,,,,,,1,Adama,"Tuesday, 9 July 2019",24,2,8.3,0.919078092,4,2,0.2,-0.698970004,102,77.9,,1,1,1,0,2,0.242,0.235,200,0.134,0.131,200,0.092,0.08,200,0.087,0.089,200,0.349,0.341,200,0.069,0.065,200,matched (3),,,,
AD48,AD48,M,1,21,38.9,16.3,1,0,1,pfpv,3,6099,6099000,6.785258633,0,0,,6099000,6.785258633,2,21.64,6.488888889,3082399.24,925645.4173,5.966444655,22.39,6.768658935,5870281.606,4847466.231,6.685514792,,,,,,,,,,,,,,,,0,Adama,"Thursday, 11 July 2019",30,0,0,,0,0,0,,96,71.6,,1,1,1,0,2,0.314,0.321,200,0.085,0.086,200,0.067,0.062,200,0.056,0.062,200,0.081,0.079,200,0.049,0.051,200,matched (3),,,,
AD55,AD55,M,1,38,33,,0,0,1,pv,2,15898,15898000,7.201342493,0,0,,15898000,7.201342493,2,20.21,7.001433692,10033066.52,3012932.89,6.478989458,18.71,7.862920012,72932317.16,60224869.66,7.779775869,,,,,,,,,,,,,,,,1,Adama,"Thursday, 18 July 2019",30,21,70,1.84509804,393,18.71428571,13.1,1.117271296,132,84.6,,1,1,1,0,2,0.282,0.273,200,0.147,0.144,200,0.112,0.132,200,0.114,0.109,200,0.15,0.146,200,0.083,0.083,200,matched (3),,,,
AD56,AD56,M,1,53,37.1,,0,0,1,pv,2,7883,7883000,6.896691527,0,0,,7883000,6.896691527,2,22.63,6.134050179,1361601.995,408889.4881,5.611605946,20.08,7.455545644,28546025.13,23572275.09,7.372401501,,,,,,,,,,,,,,,,1,Adama,"Monday, 22 July 2019",30,28,93.3,1.969881644,714,25.5,23.8,1.376576957,84,72.4,,1,1,1,0,2,0.275,0.268,200,0.202,0.185,200,0.089,0.101,200,0.218,0.231,200,0.236,0.161,200,0.11,0.107,200,matched (3),,,,
AD58,AD58,M,1,22,35.6,,0,0,1,pv,2,7400,7400000,6.86923172,267,267000,5.426511261,7667000,6.884625463,2,19.81,7.144802867,13957346.73,4191395.414,6.622358634,18.44,7.943205471,87741584.17,72453826.73,7.860061328,,,,,,,,,,,,,,,,0,Adama,"Tuesday, 30 July 2019",30,0,0,,0,0,0,,136,85,,1,1,1,1,2,0.893,0.758,200,0.49,0.43,200,0.261,0.244,200,0.486,0.492,200,0.731,0.708,200,0.206,0.197,200,matched (3),,,,
AD59,AD59,M,1,19,37,,0,0,1,pv,2,7168,7168000,6.855397997,152,152000,5.181843588,7320000,6.864511081,2,22.13,6.313261649,2057129.578,617756.6302,5.790817415,19.79,7.541778174,34815943.93,28749747.26,7.458634031,,,,,,,,,,,,,,,,1,Adama,"Friday, 2 August 2019",30,26,86.7,1.938019097,852,32.76923077,28.4,1.45331834,130,87.25,,1,1,1,1,2,0.297,0.279,200,0.144,0.141,200,0.085,0.083,200,0.113,0.109,200,0.101,0.104,200,0.062,0.06,200,matched (3),,,,
AD62,AD62,F,0,30,37.8,,1,0,1,pv,2,13009,13009000,7.114243914,1033,1033000,6.014100322,14042000,7.147428969,2,20.78,6.797132616,6268052.372,1882298.01,6.274688383,18.09,8.047279215,111501116.2,92073588.94,7.964135072,,,,,,,,,,,,,,,,1,Adama,"Tuesday, 13 August 2019",30,28,93.3,1.969881644,1020,36.42857143,34,1.531478917,89,71.2,,1,1,1,1,2,0.739,0.678,200,0.488,0.441,200,0.204,0.312,200,0.603,0.622,200,0.444,0.497,200,0.163,0.184,200,matched (3),,,,
AD63,AD63,M,1,32,37.2,,0,0,1,pv,2,7120,7120000,6.852479994,827,827000,5.91750551,7947000,6.900203213,2,20.59,6.865232975,7332177.583,2201855.13,6.342788741,16.26,8.591436218,390333852.2,322323577.4,8.508292075,,,,,,,,,,,,,,,,1,Adama,"Wednesday, 14 August 2019",30,15,50,1.698970004,246,16.4,8.2,0.913813852,102,81.6,,1,1,1,1,2,0.434,0.337,200,0.277,0.188,200,0.16,0.137,200,0.201,0.18,200,0.261,0.243,200,0.105,0.093,200,matched (3),,,,
AD64,AD64,F,0,11,37.6,,1,0,1,pv,2,17464,17464000,7.242143723,600,600000,5.77815125,18064000,7.256813925,2,20.15,7.022939068,10542389.75,3165882.809,6.500494835,18.16,8.026464466,106283161.9,87764791.03,7.943320323,,,,,,,,,,,,,,,,1,Adama,"Thursday, 15 August 2019",30,28,93.3,1.969881644,1530,54.64285714,51,1.707570176,119,83.8,,1,1,1,1,2,0.252,0.243,200,0.16,0.149,200,0.099,0.092,200,0.117,0.098,200,0.119,0.117,200,0.074,0.104,200,matched (3),,,,
AD67,AD67,F,0,15,37.5,,1,0,1,pfpv,3,7574,7574000,6.879325301,615,615000,5.788875116,8189000,6.913230871,2,21.23,6.635842294,4323568.001,1298368.769,6.11339806,19.29,7.690454951,49029216.25,40486553.47,7.607310808,,,,,,,,,,,,,,,,1,Adama,"Friday, 16 August 2019",30,16,53.3,1.726727209,240,15,8,0.903089987,116,86.3,,1,1,1,1,2,0.615,0.679,200,0.711,0.871,200,0.308,0.283,200,0.507,0.505,200,0.424,0.359,200,0.172,0.155,200,matched (3),,,,
AD68,AD68,M,1,26,35.6,,0,0,1,pv,2,8554,8554000,6.932169246,347,347000,5.540329475,8901000,6.949438801,2,22.42,6.209318996,1619268.981,486266.9611,5.686874763,20.66,7.283080583,19190247.8,15846612.55,7.19993644,,,,,,,,,,,,,,,,1,Adama,"Monday, 19 August 2019",30,11,36.7,1.564666064,34,3.090909091,1.1,0.041392685,112,82.35,,1,1,1,1,2,2.803,2.771,200,2.542,2.442,200,1.37,1.411,200,1.195,1.157,200,1.06,0.976,200,1.354,1.025,200,matched (3),,,,
AD70,AD70,M,1,25,36.7,,0,0,1,pv,2,3960,3960000,6.597695186,227,227000,5.356025857,4187000,6.621902961,2,22.05,6.341935484,2197533.396,659919.9389,5.81949125,17.44,8.240559025,174003917,143686141.2,8.157414882,,,,,,,,,,,,,,,,0,Adama,"Wednesday, 21 August 2019",30,0,0,,0,0,0,,76,82.6,,1,1,1,1,2,0.235,0.286,200,0.226,0.366,200,0.1,0.12,200,0.733,0.664,200,0.151,0.145,200,0.086,0.087,200,matched (3),,,,
AD72,AD72,M,1,31,37.4,,0,0,1,pv,2,2068,2068000,6.315550534,0,0,,2068000,6.315550534,2,24.64,5.413620072,259191.0922,77835.16281,4.891175838,17.01,8.368421053,233572146.9,192875431,8.285276909,,,,,,,,,,,,,,,,0,Adama,"Thursday, 29 August 2019",30,0,0,,0,0,0,,129,86.6,,1,1,1,0,2,0.274,0.281,200,0.126,0.128,200,0.122,0.13,200,0.109,0.111,200,0.103,0.101,200,0.079,0.079,200,matched (3),,,,
AD73,AD73,M,1,40,35.8,,0,0,1,pv,2,3098,3098000,6.491081413,0,0,,3098000,6.491081413,2,25.01,5.281003584,190986.9021,57353.42404,4.758559351,19.96,7.49122807,30990463.39,25590803.79,7.408083927,,,,,,,,,,,,,,,,1,Adama,"Monday, 2 September 2019",30,23,76.7,1.884795364,306,13.30434783,10.2,1.008600172,96,80,,1,1,1,0,2,0.365,0.377,200,0.163,0.176,200,0.091,0.092,200,0.154,0.158,200,0.208,0.22,200,0.097,0.105,200,matched (3),,,,
AD74,AD74,F,0,15,35.5,,0,0,1,pv,2,2258,2258000,6.353723938,560,560000,5.748188027,2818000,6.449940989,3,21.43,6.564157706,3665706.639,1100812.805,6.041713473,18.59,7.898602438,79177619.11,65382014.13,7.815458295,34.64,101,0.101,0.030606061,30.60606061,0.01020202,10.2020202,,,,,,,,,1,Adama,"Thursday, 5 September 2019",30,14,46.7,1.669316881,83,5.928571429,2.8,0.447158031,112,82.4,1.485807419,1,1,1,1,,0.463,0.497,200,0.4,0.409,200,0.23,0.226,200,0.51,0.495,200,0.621,0.602,200,0.179,0.175,200,matched (3),,,,
AD76,AD76,M,1,12,38.5,,1,0,1,pv,2,17795,17795000,7.250297992,382,382000,5.582063363,18177000,7.259522207,2,24.29,5.5390681,345993.6278,103901.9903,5.016623867,22.74,6.664585192,4619395.977,3814530.121,6.581441049,,,,,,,,,,,,,,,,1,Adama,"Friday, 6 September 2019",30,12,40,1.602059991,99,8.25,3.3,0.51851394,84,84,,1,1,1,1,2,0.219,0.201,200,0.922,0.329,200,0.119,0.123,200,0.211,0.208,200,0.316,0.321,200,0.133,0.137,200,matched (3),,,,
AD77,AD77,M,1,22,35.3,,0,0,1,pv,2,8040,8040000,6.905256049,827,827000,5.91750551,8867000,6.947776708,2,28.13,4.162724014,14545.34459,4367.971347,3.640279781,20.4,7.360392507,22929390.29,18934261.18,7.277248364,,,,,,,,,,,,,,,,1,Adama,"Monday, 9 September 2019",30,9,30,1.477121255,23,2.555555556,0.8,-0.096910013,103,83.1,,1,1,1,1,2,0.35,0.429,200,0.132,0.162,200,0.102,0.116,200,0.196,0.229,200,0.418,0.5,200,0.111,0.116,200,matched (3),,,,
AD79,AD79,M,1,25,37,,0,0,1,pv,2,392,392000,5.593286067,357,357000,5.552668216,749000,5.874481818,2,26.25,4.83655914,68637.13382,20611.7519,4.314114906,19.65,7.583407672,38318426.92,31641971.03,7.500263529,,,,,,,,,,,,,,,,1,Adama,"Wednesday, 18 September 2019",30,12,40,1.602059991,42,3.5,1.4,0.146128036,125,90.6,,1,1,1,1,2,0.292,0.304,200,2.197,2.23,200,0.706,0.691,200,0.221,0.246,200,0.298,0.311,200,0.116,0.129,200,matched (3),,,,
AD82,AD82,M,1,28,38,,1,0,1,pv,2,1273,1273000,6.104828404,304,304000,5.482873584,1577000,6.197831693,2,28.21,4.134050179,13616.01995,4088.894881,3.611605946,28.63,4.913172762,81879.04383,67612.75296,4.830028619,,,,,,,,,,,,,,,,1,Adama,"Monday, 30 September 2019",30,20,66.7,1.824125834,249,12.45,8.3,0.919078092,84,86.6,,1,1,1,1,2,1.349,1.359,200,1.439,1.399,200,0.534,0.422,200,0.462,0.375,200,0.641,0.566,200,0.226,0.218,200,matched (3),,,,
AD83,AD83,M,1,19,35.6,,0,0,1,pv,2,3653,3653000,6.562649672,0,0,,3653000,6.562649672,2,23.99,5.646594982,443195.1326,133091.6314,5.124150749,20.78,7.247398156,17676576.47,14596677.52,7.164254013,,,,,,,,,,,,,,,,0,Adama,"Monday, 30 September 2019",30,0,0,,0,0,0,,96,92.3,,1,1,1,0,2,0.556,0.443,200,0.684,0.608,200,0.279,0.367,200,0.604,0.707,200,0.479,0.565,200,0.134,0.151,200,matched (3),,,,
AD85,AD85,M,1,20,34.9,,0,0,1,pv,2,10706,10706000,7.029627239,597,597000,5.775974331,11303000,7.053193728,2,21.9,6.395698925,2487132.512,746886.6403,5.873254691,16.3,8.579542076,379788732.1,313615798.6,8.496397932,,,,,,,,,,,,,,,,1,Adama,"Wednesday, 2 October 2019",30,29,96.7,1.985426474,614,21.17241379,20.5,1.311753861,137,95.8,,1,1,1,1,2,0.297,0.29,200,0.206,0.209,200,0.156,0.154,200,0.233,0.228,200,0.247,0.329,200,0.125,0.119,200,matched (3),,,,
AD86,AD86,M,1,14,38.5,,1,0,1,pv,2,38461,38461000,7.585020572,152,152000,5.181843588,38613000,7.586733545,2,24.39,5.503225806,318585.3539,95671.27746,4.980781573,18.04,8.062146893,115384346,95280219.62,7.97900275,,,,,,,,,,,,,,,,1,Adama,"Monday, 7 October 2019",30,18,60,1.77815125,465,25.83333333,15.5,1.190331698,63,78.75,,1,1,1,1,2,0.647,0.528,200,0.245,0.281,200,0.187,0.225,200,0.717,0.806,200,0.308,0.439,200,0.186,0.224,200,matched (3),,,,
AD87,AD87,M,1,64,36.5,,0,0,1,pv,2,24824,24824000,7.394871763,1200,1200000,6.079181246,26024000,7.41537405,2,21.27,6.621505376,4183168.672,1256206.808,6.099061143,18.73,7.856972941,71940415.34,59405793.01,7.773828798,,,,,,,,,,,,,,,,0,Adama,"Tuesday, 8 October 2019",30,0,0,,0,0,0,,85,77.9,,1,1,1,1,2,1.222,1.237,200,0.934,0.992,200,0.165,0.179,200,0.155,0.151,200,0.39,0.429,200,0.134,0.129,200,matched (3),,,,
AD88,AD88,F,0,9,36.3,,0,0,1,pv,2,14000,14000000,7.146128036,995,995000,5.997823081,14995000,7.17594647,3,21.38,6.582078853,3820136.252,1147188.064,6.05963462,20.15,7.434730895,27210147.44,22469155.61,7.351586752,32.69,372,0.372,0.112727273,112.7272727,0.037575758,37.57575758,,,,,,,,,1,Adama,"Thursday, 10 October 2019",30,12,40,1.602059991,214,17.83333333,7.1,0.851258349,136,91.9,2.052028894,1,1,1,1,,0.123,0.126,200,0.118,0.154,200,0.22,0.166,200,0.13,0.154,200,0.134,0.166,200,0.083,0.091,200,matched (3),,,,
AD89,AD89,M,1,42,35.9,,0,0,1,pv,2,8079,8079000,6.907357608,1114,1114000,6.046885191,9193000,6.96345726,2,22.52,6.173476703,1490996.77,447746.7777,5.651032469,19.54,7.616116563,41315837.69,34117124.43,7.532972419,,,,,,,,,,,,,,,,1,Adama,"Monday, 14 October 2019",30,14,46.7,1.669316881,475,33.92857143,15.8,1.198657087,112,88.2,,1,1,1,1,2,0.609,0.588,200,0.613,0.624,200,0.285,0.281,200,0.337,0.407,200,0.317,0.37,200,0.254,0.274,200,matched (3),,,,
AD90,AD90,M,1,39,36.5,,0,0,1,pv,2,3603,3603000,6.556664262,190,190000,5.278753601,3793000,6.578982843,2,22.53,6.169892473,1478742.221,444066.7331,5.64744824,18.55,7.91049658,81376045.33,67197394.99,7.827352437,,,,,,,,,,,,,,,,1,Adama,"Friday, 18 October 2019",30,14,46.7,1.669316881,91,6.5,3,0.477121255,103,76.9,,1,1,1,1,2,0.289,0.297,200,0.137,0.136,200,0.114,0.129,200,0.133,0.145,200,0.285,0.376,200,0.1,0.108,200,matched (3),,,,
AD95,AD95,M,1,27,35.8,,0,0,1,pv,2,18876,18876000,7.275909969,0,0,,18876000,7.275909969,2,24.82,5.349103943,223410.6863,67090.29618,4.826659709,19.29,7.690454951,49029216.25,40486553.47,7.607310808,,,,,,,,,,,,,,,,1,Adama,"Wednesday, 6 November 2019",30,13,43.3,1.636487896,205,15.76923077,6.8,0.832508913,62,64.6,,1,1,1,0,2,0.382,0.421,200,0.381,0.437,200,0.247,0.289,200,0.188,0.216,200,0.316,0.425,200,0.112,0.14,200,matched (3),,,,
AD96,AD96,M,1,18,34.8,,0,0,1,pv,2,30174,30174000,7.479632886,600,600000,5.77815125,30774000,7.488183949,2,18.57,7.589247312,38837146.37,11662806.72,7.066803078,18.43,7.946179007,88344396.2,72951607.1,7.863034864,,,,,,,,,,,,,,,,1,Adama,"Wednesday, 6 November 2019",30,18,60,1.77815125,793,44.05555556,26.4,1.421603927,59,64.8,,1,1,1,1,2,0.345,0.355,200,0.228,0.238,200,0.341,0.248,200,0.146,0.178,200,0.22,0.255,200,0.116,0.144,200,matched (3),,,,
AD97,AD97,M,1,45,36.6,,0,0,1,pv,2,9233,9233000,6.965342836,199,199000,5.298853076,9432000,6.974603792,2,18.48,7.621505376,41831686.72,12562068.08,7.099061143,15.35,8.862027951,727826646,601012919.9,8.778883808,,,,,,,,,,,,,,,,0,Adama,"Monday, 11 November 2019",5,0,0,,0,0,0,,98,77.2,,1,1,1,1,2,,,,,,,0.392,0.438,200,0.311,0.354,200,0.154,0.181,200,0.11,0.132,200,matched (3),,,,
AD98,AD98,M,1,12,34,,0,0,1,pv,2,8627,8627000,6.935859798,980,980000,5.991226076,9607000,6.982587791,2,23.77,5.725448029,531432.4,159589.3093,5.203003795,21.8,6.944097532,8792199.461,7260280.314,6.860953389,,,,,,,,,,,,,,,,0,Adama,"Monday, 11 November 2019",20,0,0,,0,0,0,,143,92.8,,1,1,1,1,2,,,,,,,0.517,0.527,200,0.429,0.5,200,0.518,0.497,200,0.261,0.26,200,matched (3),,,,
AD99,AD99,M,1,10,39,,1,0,1,pv,2,6000,6000000,6.77815125,0,0,,6000000,6.77815125,2,22.51,6.177060932,1503352.873,451457.3192,5.654616698,23.06,6.569432055,3710496.743,3063994.007,6.486287912,,,,,,,,,,,,,,,,0,Adama,"Wednesday, 13 November 2019",30,0,0,,0,0,0,,81,73.1,,1,1,1,0,2,,,,,,,0.108,0.137,200,0.12,0.285,200,0.181,0.223,200,0.092,0.096,200,matched (3),,,,
ADF002,ADF002,M,1,25,38.8,14.8,1,0,1,pv,2,8039.5,8039500,6.90522904,443.5,443500,5.646893624,8483000,6.928549467,2,22.53900619,6.166664449,1467791.771,440778.3097,5.644220215,18.83,7.827237585,67179626.58,55474505.85,7.744093442,,,,,,,,,,,,,,,,1,Adama,"Thursday, 7 December 2017",25,7,28,1.447158031,22,3.142857143,0.9,-0.045757491,40,36.6,,1,1,1,1,2,,,,,,,,,,,,,,,,,,,master only (1),,,,
ADF003,ADF003,M,1,37,40.6,16.8,1,0,1,pv,2,8065,8065000,6.906604372,351,351000,5.545307116,8416000,6.925105727,2,23.93489924,5.666344359,463814.5403,139283.6457,5.143900126,27.1,5.368123699,233412.279,192743.4179,5.284979556,,,,,,,,,,,,,,,,1,Adama,"Monday, 11 December 2017",15,1,6.7,0.826074803,1,1,0.1,-1,62,52,,1,1,1,1,2,,,,,,,,,,,,,,,,,,,master only (1),,,,
ADF005,ADF005,M,1,18,36,15.1,0,0,1,pv,2,12295,12295000,7.089728533,94.5,94500,4.975431809,12389500,7.09305378,2,22.88388498,6.043051978,1104210.767,331594.825,5.520607744,24.57,6.120428189,1319557.104,1089642.53,6.037284046,,,,,,,,,,,,,,,,1,Adama,"Friday, 22 December 2017",20,12,60,1.77815125,76,6.333333333,3.8,0.579783597,53,44,,1,1,1,1,2,,,,,,,,,,,,,,,,,,,master only (1),,,,
ADF006,ADF006,M,1,9,38.2,12.3,1,0,1,pfpv,3,37900.5,37900500,7.578644939,370,370000,5.568201724,38270500,7.582864136,2,22.65013203,6.126834396,1339165.944,402151.9352,5.604390163,18.23,8.005649718,101309394,83657633.35,7.922505574,,,,,,,,,,,,,,,,0,Adama,"Monday, 25 December 2017",31,0,0,,0,0,0,,50,44,,1,1,1,1,2,,,,,,,,,,,,,,,,,,,master only (1),,,,
ADF007,ADF007,M,1,9,38.3,9.9,1,0,1,pv,2,32856.5,32856500,7.516621299,482.5,482500,5.683497318,33339000,7.522952569,2,21.93802924,6.382068374,2410284.866,723809.269,5.85962414,18.14,8.032411537,107748575.5,88974876.56,7.949267394,,,,,,,,,,,,,,,,1,Adama,"Friday, 29 December 2017",28,12,42.9,1.632457292,23,1.916666667,0.8,-0.096910013,88,16,,1,1,1,1,2,,,,,,,,,,,,,,,,,,,master only (1),,,,
ADF008,ADF008,M,1,29,35.9,12.3,0,0,1,pv,2,10322.5,10322500,7.013784892,370,370000,5.568201724,10692500,7.029079259,2,28.29589881,4.103262076,12684.17064,3809.060251,3.580817842,20.2,7.419863217,26294397.1,21712962.1,7.336719074,,,,,,,,,,,,,,,,1,Adama,"Monday, 1 January 2018",2,1,50,1.698970004,3,3,1.5,0.176091259,80,84,,1,1,1,1,2,,,,,,,,,,,,,,,,,,,master only (1),,,,
ADF009,ADF009,M,1,33,38.9,14,1,0,1,pv,2,842,842000,5.925312091,726,726000,5.860936621,1568000,6.195346058,2,24.74,5.377777778,238658.9787,71669.36297,4.855333544,17.98,8.079988106,120223150.8,99275929.67,7.996843963,,,,,,,,,,,,,,,,0,Adama,"Tuesday, 30 January 2018",37,0,0,,0,0,0,,54,47,,1,1,1,1,2,,,,,,,,,,,,,,,,,,,master only (1),,,,
ADF010,ADF010,M,1,27,35.4,13.3,0,0,1,pfpv,3,1944.5,1944500,6.288807947,90.5,90500,4.956648579,2035000,6.308564414,2,29.19628925,3.780541486,6033.113368,1811.745756,3.258097253,22.49,6.73892358,5481804.968,4526676.274,6.655779437,,,,,,,,,,,,,,,,1,Adama,"Thursday, 8 February 2018",18,10,55.6,1.745074792,145,14.5,8.1,0.908485019,70,58,,1,1,1,1,2,,,,,,,,,,,,,,,,,,,master only (1),,,,
ADF011,ADF011,F,0,48,36.1,11.9,0,0,1,pv,2,232,232000,5.365487985,0,0,,232000,5.365487985,2,29.0943881,3.817065196,6562.437737,1970.702023,3.294620962,28.43,4.972643473,93895.21767,77535.27471,4.88949933,,,,,,,,,,,,,,,,0,Adama,"Friday, 9 February 2018",15,0,0,,0,0,0,,78,80,,1,1,1,0,2,,,,,,,,,,,,,,,,,,,master only (1),,,,
ADF012,ADF012,M,1,12,36.3,11.6,0,0,1,pv,2,5592.5,5592500,6.747605993,40,40000,4.602059991,5632500,6.7507012,2,26.1273126,4.880533119,75950.93409,22808.08832,4.358088886,,,,0,,,,,,,,,,,,,,,,,0,Adama,"Tuesday, 13 February 2018",24,0,0,,0,0,0,,80,67,,1,1,0,1,2,,,,,,,,,,,,,,,,,,,master only (1),,,,
ADF013,ADF013,M,1,28,35.2,11.8,0,0,1,pv,2,8765.5,8765500,6.942776694,54.5,54500,4.736396502,8820000,6.945468585,2,27.06762084,4.543505076,34954.65954,10496.89476,4.021060843,23.67,6.388046387,2443691.55,2017912.098,6.304902244,,,,,,,,,,,,,,,,1,Adama,"Friday, 23 February 2018",69,4,5.8,0.763427994,5,1.25,0.1,-1,106,88,,1,1,1,1,2,,,,,,,,,,,,,,,,,,,master only (1),,,,
ADF014,ADF014,F,0,33,36.2,11.6,0,0,1,pv,2,2147.5,2147500,6.331933173,678,678000,5.831229694,2825500,6.451095312,2,23.30585081,5.891809747,779488.5615,234080.6491,5.369365513,24.43,6.162057687,1452304.512,1199260.538,6.078913543,,,,,,,,,,,,,,,,1,Adama,"Tuesday, 27 February 2018",52,46,88.5,1.946943271,4339,94.32608696,83.4,1.921166051,90,72,,1,1,1,1,2,,,,,,,,,,,,,,,,,,,master only (1),,,,
ADF015,ADF015,F,0,20,38.4,13.6,1,0,1,pv,2,22212.5,22212500,7.346597441,309.5,309500,5.490660653,22522000,7.352606954,2,28.09662258,4.174687246,14951.5854,4489.965585,3.652243012,18.37,7.96402022,92049242.74,76010935.37,7.880876077,,,,,,,,,,,,,,,,1,Adama,"Monday, 5 March 2018",42,36,85.7,1.932980822,1825,50.69444444,43.5,1.638489257,70,74.5,,1,1,1,1,2,,,,,,,,,,,,,,,,,,,master only (1),,,,
ADF016,ADF016,F,0,20,35.9,12.8,0,0,1,pv,2,11521.5,11521500,7.061509024,0,0,,11521500,7.061509024,2,24.00700969,5.64049832,437016.9882,131236.3328,5.118054086,21.07,7.161165626,14493244.74,11967997.31,7.078021483,,,,,,,,,,,,,,,,1,Adama,"Monday, 2 April 2018",32,20,62.5,1.795880017,597,29.85,18.7,1.271841607,50,45,,1,1,1,0,2,,,,,,,,,,,,,,,,,,,master only (1),,,,
ADF017,ADF017,M,1,9,35.9,8,0,0,1,pv,2,8716,8716000,6.940317222,291.5,291500,5.464638559,9007500,6.954604271,2,24.17790836,5.579244317,379528.4323,113972.5022,5.056800083,19.89,7.512042819,32511935.07,26847180.07,7.428898676,,,,,,,,,,,,,,,,1,Adama,"Thursday, 24 May 2018",30,12,40,1.602059991,112,9.333333333,3.7,0.568201724,100,86,,1,1,1,1,2,,,,,,,,,,,,,,,,,,,master only (1),,,,
ADF018,ADF018,M,1,22,36,14.3,0,0,1,pv,2,499.5,499500,5.698535493,40,40000,4.602059991,539500,5.731991449,2,27.12275567,4.523743488,33399.77095,10029.96124,4.001299255,21.11,7.149271484,14101700.41,11644674.16,7.066127341,,,,,,,,,,,,,,,,1,Adama,"Saturday, 26 May 2018",30,2,6.7,0.826074803,2,1,0.1,-1,76,81,,1,1,1,1,2,,,,,,,,,,,,,,,,,,,master only (1),,,,
ADF019,ADF019,M,1,11,37,12.3,0,0,1,pv,2,33,33000,4.51851394,0,0,,33000,4.51851394,2,30.11126872,3.452591857,2835.253249,851.4274021,2.930147623,25.62,5.808206958,642994.0558,530961.2352,5.725062815,,,,,,,,,,,,,,,,0,Adama,"Saturday, 26 May 2018",30,0,0,,0,0,0,,73,58,,1,1,1,0,2,,,,,,,,,,,,,,,,,,,master only (1),,,,
ADF020,ADF020,M,1,24,38,15.1,1,0,1,pv,2,18169,18169000,7.259331025,270.5,270500,5.432167269,18439500,7.265749141,2,21.53926174,6.524995792,3349621.934,1005892.473,6.002551558,22.4,6.7656854,5830226.135,4814389.872,6.682541257,,,,,,,,,,,,,,,,0,Adama,"Tuesday, 29 May 2018",30,0,0,,0,0,0,,64,56,,1,1,1,1,2,,,,,,,,,,,,,,,,,,,master only (1),,,,
ADF023,ADF023,M,1,30,36,12.6,0,0,1,pfpv,3,39169.5,39169500,7.592948028,877.5,877500,5.943247125,40047000,7.602569988,3,21.32122705,6.603144425,4010000.482,1204204.349,6.080700191,18.34,7.972940827,93959528.04,77588379.88,7.889796683,25.6672289,59998.39454,59.99839454,18.18133168,18181.33168,6.060443893,6060.443893,,,,,,,,,1,Adama,"Tuesday, 5 June 2018",18,1,5.6,0.748188027,1,1,0.1,-1,54,47,4.259625912,1,1,1,1,,,,,,,,,,,,,,,,,,,,master only (1),,,,
ADF024,ADF024,M,1,23,35.5,12,0,0,1,pv,2,17856,17856000,7.251784177,1072,1072000,6.030194785,18928000,7.277104727,2,23.71272927,5.745975173,557153.8971,167313.4826,5.223530939,19.3,7.687481415,48694668.7,40210296.2,7.604337272,,,,,,,,,,,,,,,,1,Adama,"Tuesday, 5 June 2018",28,14,50,1.698970004,97,6.928571429,3.5,0.544068044,56,47,,1,1,1,1,2,,,,,,,,,,,,,,,,,,,master only (1),,,,
ADF025,ADF025,M,1,18,36.6,12.8,0,0,1,pv,2,10851,10851000,7.035469763,60,60000,4.77815125,10911000,7.037864556,2,25.12897619,5.238359788,173125.0006,51989.48968,4.715915554,22.23,6.816235504,6549912.586,5408680.913,6.733091361,,,,,,,,,,,,,,,,0,Adama,"Thursday, 7 June 2018",30,0,0,,0,0,0,,93,80,,1,1,1,1,2,,,,,,,,,,,,,,,,,,,master only (1),,,,
ADF027,ADF027,M,1,16,38,12.8,1,0,1,pv,2,5173.5,5173500,6.713784453,366.5,366500,5.564073979,5540000,6.743509765,2,23.95790778,5.658097571,455090.2915,136663.7512,5.135653337,17.79,8.136485281,136925798.1,113068371.7,8.053341138,,,,,,,,,,,,,,,,0,Adama,"Monday, 11 June 2018",30,0,0,,0,0,0,,79,67,,1,1,1,1,2,,,,,,,,,,,,,,,,,,,master only (1),,,,
ADF028,ADF028,M,1,20,38,13.8,1,0,1,pv,2,26158,26158000,7.417604535,171.5,171500,5.234264124,26329500,7.420442612,2,24.33515189,5.522884627,333337.8474,100101.4557,5.000440393,20.46,7.342551293,22006516.08,18172185.04,7.25940715,,,,,,,,,,,,,,,,1,Adama,"Wednesday, 13 June 2018",30,29,96.7,1.985426474,696,24,23.2,1.365487985,108,90,,1,1,1,1,2,,,,,,,,,,,,,,,,,,,master only (1),,,,
ADF031,ADF031,F,0,20,36,13,0,0,1,pv,2,13711.5,13711500,7.137084968,759,759000,5.880241776,14470500,7.160483538,2,21.44899631,6.557348992,3608685.15,1083689.234,6.034904759,18.41,7.952126078,89562473.22,73957451.05,7.868981935,,,,,,,,,,,,,,,,0,Adama,"Thursday, 14 June 2018",21,0,0,,0,0,0,,52,54,,1,1,1,1,2,,,,,,,,,,,,,,,,,,,master only (1),,,,
ADF032,ADF032,M,1,54,36,12.8,0,0,1,pfpv,3,800.5,800500,5.903361336,0,0,,800500,5.903361336,3,31.73367154,2.871085468,743.1653766,223.1727858,2.348641235,29,4.803151948,63555.32555,52481.68914,4.720007805,28.45675907,9501.522423,9.501522423,2.879249219,2879.249219,0.95974974,959.7497397,,,,,,,,,0,Adama,"Thursday, 21 June 2018",30,0,0,,0,0,0,,110,92,3.459279299,1,1,1,0,,,,,,,,,,,,,,,,,,,,master only (1),,,,
ADF035,ADF035,M,1,30,38,12.8,1,0,1,pv,2,73072.5,73072500,7.863753966,1580,1580000,6.198657087,74652500,7.873044356,2,20.91420169,6.749031654,5610888.702,1684951.562,6.226587421,18.56,7.907523045,80820781.38,66738878.1,7.824378902,,,,,,,,,,,,,,,,1,Adama,"Wednesday, 27 June 2018",30,28,93.3,1.969881644,3858,137.7857143,128.6,2.109240969,73,62,,1,1,1,1,2,,,,,,,,,,,,,,,,,,,master only (1),,,,
ADF036,ADF036,M,1,28,38,13,1,0,1,pfpv,3,7351,7351000,6.866346423,0,0,,7351000,6.866346423,0,,,,,,37.06,2.406482307,254.9660216,210.5417189,2.323338164,,,,,,,,,,,,,,,,1,Adama,"Wednesday, 27 June 2018",30,1,3.33333,0.522878311,1,0,0.03,-1.522878745,80,71.4,,0,1,1,0,,,,,,,,,,,,,,,,,,,,master only (1),,,,
ADF040,ADF040,F,0,23,38,13.8,1,0,1,pv,2,2847,2847000,6.454387467,0,0,,2847000,6.454387467,2,29.12427181,3.806354189,6402.567845,1922.693047,3.283909956,25.1,5.962830806,917974.8985,758030.4694,5.879686663,,,,,,,,,,,,,,,,0,Adama,"Friday, 29 June 2018",28,0,0,,0,0,0,,70,63,,1,1,1,0,2,,,,,,,,,,,,,,,,,,,master only (1),,,,
ADF041,ADF041,M,1,29,36,13,0,0,1,pv,2,27140,27140000,7.433609843,533,533000,5.726727209,27673000,7.442056243,2,27.71646756,4.310943526,20461.78542,6144.680307,3.788499292,18.2,8.014570324,103411853.9,85393768.74,7.931426181,,,,,,,,,,,,,,,,1,Adama,"Monday, 2 July 2018",30,23,76.7,1.884795364,3847,167.2608696,128.2,2.107888025,94,83,,1,1,1,1,2,,,,,,,,,,,,,,,,,,,master only (1),,,,
ADF042,ADF042,F,0,26,37,12.8,0,0,1,neg,0,0,0,,0,0,,0,,2,39.8,-0.020071685,0.954834968,0.286737228,-0.542515918,,,,0,,,,,,,,,,,,,,,,,0,Adama,"Monday, 2 July 2018",30,0,0,,0,0,0,,87,73,,1,0,0,0,2,,,,,,,,,,,,,,,,,,,master only (1),,,,
AMCL01,AMCL01,F,0,9,35.9,13.1,0,0,1,pv,2,29985,29985000,7.476904053,748,748000,5.873901598,30733000,7.487604956,2,20.21,7.001433692,10033066.52,3012932.89,6.478989458,18.19,8.01754386,104122325.6,85980450.54,7.934399717,,,,,,,,,,,,,,,,1,Arba Minch,"Tuesday, 26 November 2019",29,15,51.7,1.713490543,266,17.73333333,9.2,0.963787827,68,67.32673267,,1,1,1,1,2,0.16,0.158,200,0.149,0.144,200,0.104,0.12,200,0.162,0.196,200,0.174,0.188,200,0.099,0.1,200,matched (3),,,,
AMCL02,AMCL02,M,1,13,37.4,15.8,0,0,1,pfpv,3,10680,10680000,7.028571253,0,0,,10680000,7.028571253,2,23.03,5.990681004,978770.7981,293925.1646,5.46823677,21.64,6.991674101,9810115.046,8100838.188,6.908529957,,,,,,,,,,,,,,,,1,Arba Minch,"Tuesday, 26 November 2019",30,12,40,1.602059991,100,8.333333333,3.3,0.51851394,112,88.88888889,,1,1,1,0,2,0.104,0.106,200,0.13,0.133,200,0.144,0.227,200,0.216,0.193,200,0.199,0.203,200,0.102,0.099,200,matched (3),,,,
AMCL05,AMCL05,F,0,14,33.5,11.9,0,0,1,pfpv,3,9880,9880000,6.994756945,0,0,,9880000,6.994756945,2,21.04,6.703942652,5057578.733,1518792.412,6.181498419,16.74,8.448706512,281000124.3,232039739.3,8.365562369,,,,,,,,,,,,,,,,1,Arba Minch,"Wednesday, 27 November 2019",30,10,33.3,1.522444234,102,10.2,3.4,0.531478917,104,86.66666667,,1,1,1,0,2,0.325,0.327,200,0.18,0.173,200,0.274,0.282,200,0.258,0.258,200,0.245,0.204,200,0.118,0.141,200,matched (3),,,,
AMCL06,AMCL06,M,1,29,38,13.6,1,0,1,pv,2,21490,21490000,7.332236415,1294,1294000,6.111934276,22784000,7.357629972,2,21.05,6.700358423,5016010.338,1506309.411,6.177914189,17.52,8.21677074,164729257.3,136027462.7,8.133626597,,,,,,,,,,,,,,,,1,Arba Minch,"Thursday, 28 November 2019",30,17,56.7,1.753583059,664,39.05882353,22.1,1.344392274,84,88.42105263,,1,1,1,1,2,0.164,0.162,200,0.393,0.415,200,0.395,0.247,200,0.179,0.167,200,0.159,0.149,200,0.06,0.064,200,matched (3),,,,
AMCL07,AMCL07,F,0,9,35.9,13.7,0,0,1,pv,2,2971,2971000,6.472902652,114,114000,5.056904851,3085000,6.489255168,2,26.05,4.908243728,80955.00941,24310.81364,4.385799494,23.43,6.45941124,2880124.357,2378302.524,6.376267097,,,,,,,,,,,,,,,,1,Arba Minch,"Thursday, 28 November 2019",30,13,43.3,1.636487896,111,8.538461538,3.7,0.568201724,109,89.3442623,,1,1,1,1,2,0.187,0.171,200,0.14,0.136,200,0.17,0.274,200,0.118,0.12,200,0.143,0.168,200,0.083,0.082,200,matched (3),,,,
AMCL09,AMCL09,F,0,13,37.5,10.9,1,0,1,pv,2,4555,4555000,6.658488381,191,191000,5.281033367,4746000,6.676327734,2,22.54,6.166308244,1466588.394,440416.935,5.64386401,18.86,7.818316979,65813801.79,54346657.13,7.735172836,,,,,,,,,,,,,,,,1,Arba Minch,"Monday, 2 December 2019",30,5,16.7,1.222716471,22,4.4,0.7,-0.15490196,98,77.16535433,,1,1,1,1,2,0.354,0.315,200,0.334,0.321,200,0.476,0.461,200,0.686,0.613,200,0.53,0.414,200,0.438,0.428,200,matched (3),,,,
AMCL11,AMCL11,M,1,24,37.7,15,1,0,1,pv,2,4097,4097000,6.612465964,0,0,,4097000,6.612465964,2,25.61,5.065949821,116399.1532,34954.70066,4.543505587,23.14,6.54564377,3512721.917,2900678.709,6.462499627,,,,,,,,,,,,,,,,1,Arba Minch,"Wednesday, 4 December 2019",30,23,76.7,1.884795364,486,21.13043478,16.2,1.209515015,108,82.44274809,,1,1,1,0,2,0.384,0.4,200,0.217,0.216,200,0.316,0.278,200,0.229,0.244,200,0.31,0.382,200,0.157,0.156,200,matched (3),,,,
AMCL12,AMCL12,M,1,13,39.7,14.4,1,0,1,pfpv,3,50370,50370000,7.702171951,0,0,,50370000,7.702171951,2,19.14,7.384946237,24263097.12,7286215.351,6.862502003,20.07,7.458519179,28742145.22,23734223.96,7.375375036,,,,,,,,,,,,,,,,1,Arba Minch,"Thursday, 5 December 2019",30,28,93.3,1.969881644,2726,97.35714286,90.9,1.958563883,108,85.03937008,,1,1,1,0,2,0.151,0.15,200,0.117,0.109,200,0.106,0.117,200,0.173,0.153,200,0.121,0.109,200,0.082,0.074,200,matched (3),,,,
AMCL13,AMCL13,M,1,29,37,14.9,0,0,1,pv,2,3787,3787000,6.578295305,541,541000,5.733197265,4328000,6.636287252,2,28.82,3.915412186,8230.234061,2471.54176,3.392967953,22.57,6.715135296,5189616.86,4285397.903,6.631991153,,,,,,,,,,,,,,,,1,Arba Minch,"Thursday, 5 December 2019",30,17,56.7,1.753583059,939,55.23529412,31.3,1.495544338,112,87.5,,1,1,1,1,2,0.157,0.161,200,0.097,0.092,200,0.185,0.193,200,0.249,0.236,200,0.32,0.313,200,0.12,0.128,200,matched (3),,,,
AMCL14,AMCL14,M,1,24,35.1,14,0,0,1,pv,2,17120,17120000,7.23350376,200,200000,5.301029996,17320000,7.238547888,2,26.56,4.725448029,53143.24,15958.93093,4.203003795,23.75,6.364258103,2313439.268,1910354.474,6.28111396,,,,,,,,,,,,,,,,0,Arba Minch,"Monday, 9 December 2019",30,0,0,,0,0,0,,93,78.1512605,,1,1,1,1,2,0.278,0.296,200,0.611,0.651,200,0.36,0.443,200,0.251,0.254,200,0.207,0.211,200,0.124,0.13,200,matched (3),,,,
AMCL15,AMCL15,F,0,16,35.8,14.5,0,0,1,pv,2,716,716000,5.854913022,0,0,,716000,5.854913022,2,31.04,3.119713262,1317.386661,395.6116098,2.597269028,27.24,5.326494202,212077.3078,175125.7703,5.243350058,,,,,,,,,,,,,,,,1,Arba Minch,"Tuesday, 10 December 2019",30,7,23.3,1.367355921,17,2.428571429,0.6,-0.22184875,78,70.27027027,,1,1,1,0,2,0.154,0.159,200,0.125,0.125,200,0.169,0.129,200,0.111,0.101,200,0.138,0.1,200,0.066,0.069,200,matched (3),,,,
AMCL17,AMCL17,M,1,42,38.9,14.5,1,0,1,pfpv,3,15764,15764000,7.197666426,117,117000,5.068185862,15881000,7.200877846,2,25.11,5.24516129,175857.6601,52810.10814,4.722717057,22.38,6.771632471,5910612.27,4880769.835,6.688488328,,,,,,,,,,,,,,,,0,Arba Minch,"Wednesday, 11 December 2019",30,0,0,,0,0,0,,88,80,,1,1,1,1,2,0.273,0.264,200,0.294,0.295,200,0.81,0.835,200,0.768,0.915,200,0.875,1.138,200,0.347,0.352,200,matched (3),,,,
AMCL18,AMCL18,M,1,9,36.2,13.2,0,0,1,pfpv,3,15080,15080000,7.178401342,756,756000,5.878521796,15836000,7.199645493,2,20.68,6.83297491,6807300.311,2044234.328,6.310530677,19.69,7.57151353,37283229.96,30787142.83,7.488369386,,,,,,,,,,,,,,,,1,Arba Minch,"Wednesday, 11 December 2019",28,22,78.6,1.895422546,2570,0,91.8,1.962842681,62,50.81967213,,1,1,1,1,2,0.328,0.294,200,0.684,0.641,200,0.334,0.353,200,0.386,0.399,200,0.176,0.179,200,0.079,0.073,200,matched (3),,,,
AMCL19,AMCL19,M,1,13,38.4,13.3,1,0,1,pfpv,3,19098,19098000,7.280987889,352,352000,5.546542663,19450000,7.288919606,2,22.7,6.108960573,1285169.983,385936.9319,5.58651634,23.26,6.509961344,3235648.556,2671881.549,6.426817201,,,,,,,,,,,,,,,,1,Arba Minch,"Thursday, 12 December 2019",32,9,28.1,1.44870632,26,2.888888889,0.8,-0.096910013,84,91.30434783,,1,1,1,1,2,0.179,0.16,200,0.168,0.16,200,0.895,0.944,200,0.827,0.813,200,0.923,0.88,200,0.41,0.402,200,matched (3),,,,
AMCL20,AMCL20,F,0,28,38.7,12.7,1,0,1,pfpv,3,9912,9912000,6.996161293,702,702000,5.846337112,10614000,7.025879083,2,20.62,6.854480287,7152869.254,2148008.785,6.332036053,23.02,6.581326197,3813521.479,3149068.108,6.498182054,,,,,,,,,,,,,,,,1,Arba Minch,"Saturday, 14 December 2019",30,15,50,1.698970004,49,3.266666667,1.6,0.204119983,83,72.17391304,,1,1,1,1,2,0.262,0.252,200,0.338,0.329,200,0.208,0.22,200,0.24,0.241,200,0.26,0.234,200,0.105,0.099,200,matched (3),,,,
AMCL25,AMCL25,F,0,10,36.7,13.4,0,0,1,pfpv,3,17607,17607000,7.245685364,431,431000,5.63447727,18038000,7.256188383,2,22.01,6.356272401,2271289.02,682068.7748,5.833828168,22.88,6.622955694,4197161.634,3465864.272,6.539811551,,,,,,,,,,,,,,,,1,Arba Minch,"Monday, 16 December 2019",30,7,23.3,1.367355921,21,3,0.7,-0.15490196,109,87.2,,1,1,1,1,2,0.149,0.149,200,0.374,0.381,200,0.274,0.261,200,0.279,0.287,200,0.382,0.395,200,0.138,0.141,200,matched (3),,,,
AMCL26,AMCL26,M,1,15,38.4,13.3,1,0,1,pv,2,45842,45842000,7.661263557,629,629000,5.798650645,46471000,7.667182018,2,21.71,6.463799283,2909372.19,873685.3422,5.94135505,24.83,6.043116265,1104374.233,911952.2981,5.959972122,,,,,,,,,,,,,,,,0,Arba Minch,"Tuesday, 17 December 2019",30,0,0,,0,0,0,,106,89.83050847,,1,1,1,1,2,0.101,0.097,200,0.079,0.076,200,0.083,0.081,200,0.244,0.232,200,0.135,0.138,200,0.071,0.065,200,matched (3),,,,
AMCL27,AMCL27,F,0,24,37.8,15.5,1,0,1,pfpv,3,19841,19841000,7.297563557,792,792000,5.898725182,20633000,7.314562378,2,20.34,6.95483871,9012363.701,2706415.526,6.432394476,19.98,7.485280999,30568983.61,25242761.03,7.402136856,,,,,,,,,,,,,,,,1,Arba Minch,"Tuesday, 17 December 2019",30,25,83.3,1.920645001,1297,51.88,43.2,1.635483747,104,86.66666667,,1,1,1,1,2,0.486,0.481,200,0.329,0.34,200,0.327,0.263,200,0.203,0.206,200,0.239,0.228,200,0.169,0.17,200,matched (3),,,,
AMCL29,AMCL29,M,1,25,40.4,9.3,1,0,1,pfpv,3,57915,57915000,7.762791061,421,421000,5.624282096,58336000,7.765936647,3,21.59,6.506810036,3212255.163,964641.1901,5.984365802,19.75,7.553672316,35782634.83,29548005.64,7.470528173,33.55,209,0.209,0.063333333,63.33333333,0.021111111,21.11111111,,,,,,,,,1,Arba Minch,"Friday, 20 December 2019",15,11,73.3,1.865103975,106,9.636363636,7.1,0.851258349,38,95,1.801632404,1,1,1,1,,0.307,0.28,200,0.148,0.148,200,0.241,0.229,200,0.26,0.267,200,0.454,0.512,200,0.124,0.127,200,matched (3),,,,
AMCL33,AMCL33,F,0,22,38.9,10.7,1,0,1,pv,2,138,138000,5.139879086,0,0,,138000,5.139879086,2,21,6.71827957,5227325.812,1569767.511,6.195835336,19.35,7.672613738,47055862.46,38857029.28,7.589469595,,,,,,,,,,,,,,,,1,Arba Minch,"Thursday, 6 February 2020",30,23,76.7,1.884795364,101,4.391304348,3.4,0.531478917,92,73.01587302,,1,1,1,0,2,0.292,0.263,200,0.188,0.197,200,0.247,0.169,200,0.108,0.109,200,0.247,0.192,200,0.086,0.083,200,matched (3),,,,
AMCL35,AMCL35,F,0,20,37.9,9.5,1,0,1,pfpv,3,4839,4839000,6.684755622,99,99000,4.995635195,4938000,6.693551086,3,20.3,6.969175627,9314844.885,2797250.716,6.446731394,19.72,7.562592923,36525226.94,30161211.35,7.47944878,24.83,71970,71.97,21.80909091,21809.09091,7.26969697,7269.69697,,,,,,,,,1,Arba Minch,"Thursday, 6 February 2020",30,27,90,1.954242509,1890,70,63,1.799340549,81,79.41176471,4.338637352,1,1,1,1,,0.88,0.76,200,0.214,0.189,200,0.428,0.469,200,0.285,0.273,200,0.852,0.795,200,0.138,0.132,200,matched (3),,,,
AMCL37,AMCL37,F,0,30,37.3,13.5,0,0,1,pfpv,3,2183,2183000,6.339053736,0,0,,2183000,6.339053736,3,25.12,5.241577061,174412.2806,52376.06024,4.719132827,25.78,5.76063039,576275.8096,475867.7206,5.677486246,22.26,402500,402.5,121.969697,121969.697,40.65656566,40656.56566,,,,,,,,,0,Arba Minch,"Friday, 7 February 2020",32,0,0,,0,0,0,,71,68.93203883,5.086251736,1,1,1,0,,0.151,0.141,200,0.345,0.312,200,0.269,0.331,200,0.211,0.224,200,0.25,0.266,200,0.124,0.122,200,matched (3),,,,
AMCL38,AMCL38,F,0,26,39.4,15,1,0,1,pv,2,4752,4752000,6.676876432,316,316000,5.499687083,5068000,6.704836606,2,21.01,6.714695341,5184362.26,1556865.544,6.192251107,20.36,7.372286649,23566042.08,19459985.2,7.289142506,,,,,,,,,,,,,,,,1,Arba Minch,"Friday, 7 February 2020",30,3,10,1,3,1,0.1,-1,108,78.83211679,,1,1,1,1,2,0.433,0.426,200,0.305,0.32,200,0.404,0.385,200,0.241,0.216,200,0.294,0.291,200,0.105,0.123,200,matched (3),,,,
AMCL39,AMCL39,F,0,28,36.5,13.1,0,0,1,pv,2,127,127000,5.103803721,0,0,,127000,5.103803721,2,26.44,4.768458781,58675.76781,17620.3507,4.246014548,22.66,6.688373476,4879479.256,4029297.487,6.605229333,,,,,,,,,,,,,,,,1,Arba Minch,"Tuesday, 11 February 2020",30,29,96.7,1.985426474,406,14,13.5,1.130333768,94,75.80645161,,1,1,1,0,2,0.076,0.085,200,0.073,0.074,200,0.075,0.069,200,0.088,0.099,200,0.103,0.098,200,0.059,0.058,200,matched (3),,,,
AMCL40,AMCL40,F,0,20,37.9,12.1,1,0,1,pv,2,3680,3680000,6.565847819,0,0,,3680000,6.565847819,3,36.85,1.037275986,10.89622307,3.27213906,0.514831752,33.98,3.322331252,2100.54143,1734.55114,3.239187109,22.27,3989000,3989,1208.787879,1208787.879,402.9292929,402929.2929,,,,,,,,,0,Arba Minch,"Tuesday, 11 February 2020",30,0,0,,0,0,0,,74,69.1588785,6.082350254,1,1,1,0,,0.303,0.288,200,0.908,0.509,200,0.458,0.442,200,0.229,0.238,200,0.545,0.563,200,0.154,0.147,200,matched (3),,,,
AMCL41,AMCL41,M,1,9,38.7,12.1,1,0,1,pv,2,4059,4059000,6.608419051,0,0,,4059000,6.608419051,2,21.07,6.693189964,4933895.696,1481650.359,6.170745731,20.83,7.232530479,17081675.95,14105430.18,7.149386336,,,,,,,,,,,,,,,,1,Arba Minch,"Thursday, 13 February 2020",30,20,66.7,1.824125834,156,7.8,5.2,0.716003344,66,67.34693878,,1,1,1,0,2,0.142,0.15,200,0.126,0.13,200,0.107,0.085,200,0.299,0.318,200,0.091,0.093,200,0.059,0.062,200,matched (3),,,,
AMCL44,AMCL44,M,1,23,38.5,14.7,1,0,1,pv,2,472,472000,5.673941999,0,0,,472000,5.673941999,2,26.02,4.918996416,82984.39188,24920.2378,4.396552182,21.45,7.048171276,11173038,9226290.665,6.965027133,,,,,,,,,,,,,,,,1,Arba Minch,"Thursday, 13 February 2020",30,23,76.7,1.884795364,109,4.739130435,3.6,0.556302501,78,68.42105263,,1,1,1,0,2,0.32,0.246,200,0.477,0.39,200,0.36,0.261,200,1.139,1.125,200,0.205,0.143,200,0.173,0.156,200,matched (3),,,,
AMCL45,AMCL45,F,0,10,38.4,12.2,1,0,1,pv,2,5300,5300000,6.72427587,315,315000,5.498310554,5615000,6.749349761,2,20.49,6.901075269,7962973.47,2391283.324,6.378631035,19.97,7.488254535,30779002.06,25416186.67,7.405110391,,,,,,,,,,,,,,,,1,Arba Minch,"Thursday, 13 February 2020",30,14,46.7,1.669316881,35,2.5,1.2,0.079181246,96,73.84615385,,1,1,1,1,2,0.409,0.374,200,0.459,0.438,200,0.313,0.214,200,0.427,0.42,200,0.295,0.191,200,0.208,0.217,200,matched (3),,,,
AMCL46,AMCL46,F,0,12,39.2,13.7,1,0,1,pfpv,3,1049,1049000,6.020775488,0,0,,1049000,6.020775488,2,22.02,6.352688172,2252621.226,676462.8306,5.830243939,20.71,7.268212905,18544405.07,15313298.99,7.185068762,,,,,,,,,,,,,,,,0,Arba Minch,"Thursday, 13 February 2020",30,0,0,,0,0,0,,110,78.57142857,,1,1,1,0,2,0.135,0.124,200,0.128,0.118,200,0.174,0.095,200,0.072,0.083,200,0.141,0.09,200,0.053,0.065,200,matched (3),,,,
AMCL47,AMCL47,F,0,30,39.8,12.3,1,0,1,pfpv,3,2987,2987000,6.475235223,217,217000,5.336459734,3204000,6.505692507,2,20.23,6.994265233,9868820.117,2963609.645,6.471820999,20.02,7.473386857,29743142.85,24560811.6,7.390242714,,,,,,,,,,,,,,,,1,Arba Minch,"Thursday, 13 February 2020",30,24,80,1.903089987,209,8.708333333,7,0.84509804,90,75,,1,1,1,1,2,0.111,0.11,200,0.1,0.109,200,0.317,0.319,200,0.107,0.109,200,0.107,0.103,200,0.063,0.077,200,matched (3),,,,
AMCL48,AMCL48,M,1,13,37.7,10.1,1,0,1,pv,2,3542,3542000,6.549248557,318,318000,5.50242712,3860000,6.586587305,3,20.13,7.030107527,10717846.35,3218572.478,6.507663293,20.03,7.470413321,29540192.52,24393222.56,7.387269178,27.63,11020,11.02,3.339393939,3339.393939,1.113131313,1113.131313,,,,,,,,,0,Arba Minch,"Monday, 24 February 2020",30,0,0,,0,0,0,,110,73.33333333,3.523667574,1,1,1,1,,0.866,0.885,200,0.485,0.521,200,0.443,0.389,200,1.154,1.27,200,0.386,0.539,200,0.199,0.201,200,matched (3),,,,
AMCL49,AMCL49,M,1,13,37.3,11.9,0,0,1,pfpv,3,13329,13329000,7.124797568,970,970000,5.986771734,14299000,7.155305666,2,19.16,7.377777778,23865897.87,7166936.297,6.855333544,17.12,8.335712162,216626788.7,178882567.1,8.252568019,,,,,,,,,,,,,,,,1,Arba Minch,"Monday, 24 February 2020",30,25,83.3,1.920645001,4112,164.48,137.1,2.137037455,140,93.33333333,,1,1,1,1,2,0.839,0.753,200,0.414,0.396,200,0.295,0.312,200,0.449,0.467,200,0.653,0.68,200,0.238,0.257,200,matched (3),,,,
AMCL50,AMCL50,F,0,40,35.8,11.1,0,0,1,pv,2,427,427000,5.630427875,194,194000,5.28780173,621000,5.7930916,2,21.34,6.596415771,3948351.155,1185691.038,6.073971537,19.98,7.485280999,30568983.61,25242761.03,7.402136856,,,,,,,,,,,,,,,,1,Arba Minch,"Tuesday, 25 February 2020",30,25,83.3,1.920645001,1328,53.12,44.3,1.646403726,106,88.33333333,,1,1,1,1,2,0.159,0.168,200,0.055,0.056,200,0.066,0.064,200,0.075,0.09,200,0.069,0.077,200,0.073,0.06,200,matched (3),,,,
AMCL51,AMCL51,F,0,12,37.8,11.9,1,0,1,pv,2,378,378000,5.5774918,25,25000,4.397940009,403000,5.605305046,3,21.3,6.610752688,4080869.324,1225486.283,6.088308455,20.98,7.187927446,15414429.14,12728678.07,7.104783303,37.94,11,0.011,0.003333333,3.333333333,0.001111111,1.111111111,,,,,,,,,1,Arba Minch,"Tuesday, 25 February 2020",30,28,93.3,1.969881644,880,31.42857143,29.3,1.46686762,140,93.33333333,0.522878766,1,1,1,1,,0.264,0.273,200,0.176,0.195,200,0.228,0.167,200,0.126,0.123,200,0.348,0.377,200,0.113,0.11,200,matched (3),,,,
AMCL54,AMCL54,M,1,50,38.8,13.9,1,0,1,pv,2,920,920000,5.963787827,39,39000,4.591064607,959000,5.981818607,2,20.56,6.875985663,7515980.819,2257051.297,6.35354143,19.72,7.562592923,36525226.94,30161211.35,7.47944878,,,,,,,,,,,,,,,,1,Arba Minch,"Wednesday, 26 February 2020",30,27,90,1.954242509,557,20.62962963,18.6,1.269512944,75,71.42857143,,1,1,1,1,2,0.566,0.446,200,0.418,0.333,200,0.276,0.244,200,0.17,0.215,200,0.302,0.274,200,0.186,0.173,200,matched (3),,,,
AMCL57,AMCL57,M,1,16,39.7,15.4,1,0,1,pv,2,1740,1740000,6.240549248,0,0,,1740000,6.240549248,2,20.04,7.062365591,11544246.5,3466740.69,6.539921358,22.07,6.863812073,7308227.742,6034870.142,6.780667929,,,,,,,,,,,,,,,,0,Arba Minch,"Friday, 28 February 2020",30,0,0,,0,0,0,,104,86.66666667,,1,1,1,0,2,0.388,0.367,200,0.342,0.311,200,0.18,0.19,200,0.166,0.177,200,0.236,0.261,200,0.194,0.197,200,matched (3),,,,
AMCL59,AMCL59,F,0,30,36,14,0,0,1,pv,2,96,96000,4.982271233,0,0,,96000,4.982271233,2,25.82,4.990681004,97877.07981,29392.51646,4.46823677,25.5,5.843889384,698054.5858,576428.2294,5.760745241,,,,,,,,,,,,,,,,0,Arba Minch,"Tuesday, 3 March 2020",30,0,0,,0,0,0,,60,60,,1,1,1,0,2,0.125,0.115,200,0.079,0.073,200,0.172,0.226,200,0.16,0.194,200,0.137,0.139,200,0.068,0.06,200,matched (3),,,,
AMCL60,AMCL60,F,0,36,39.3,14.3,1,0,1,pv,2,80,80000,4.903089987,0,0,,80000,4.903089987,2,23.38,5.865232975,733217.7583,220185.513,5.342788741,23.6,6.408861136,2563664.183,2116981.159,6.325716993,,,,,,,,,,,,,,,,0,Arba Minch,"Tuesday, 3 March 2020",31,0,0,,0,0,0,,65,61.9,,1,1,1,0,2,0.105,0.107,200,0.084,0.082,200,0.258,0.273,200,0.076,0.082,200,0.068,0.061,200,0.055,0.048,200,matched (3),,,,
AW01,AW01,F,0,13,37.5,9.1,1,0,1,pv,2,1600,1600000,6.204119983,372,372000,5.57054294,1972000,6.294906911,2,21.23390646,6.634442128,4309651.256,1294189.566,6.111997894,17.56,8.204876598,160278990.4,132352593.3,8.121732455,,,,,,,,,,,,,,,,1,Awash,"Wednesday, 5 December 2018",30,18,60,1.77815125,128,7.111111111,4.3,0.633468456,60,57,,1,1,1,1,2,,,,,,,,,,,,,,,,,,,master only (1),,,,
AW02,AW02,F,0,22,37,11.5,0,0,1,pv,2,9669,9669000,6.98538156,254,254000,5.404833717,9923000,6.996642991,2,21.242838,6.631240859,4278000.776,1284684.918,6.108796626,17.09,8.344632768,221122414.7,182594892.4,8.261488625,,,,,,,,,,,,,,,,1,Awash,"Friday, 7 December 2018",28,17,60.7,1.783188691,415,24.41176471,14.8,1.170261715,92,77.2,,1,1,1,1,2,,,,,,,,,,,,,,,,,,,master only (1),,,,
C10R01-03,C10R00-03,F,0,32,36.3,13.8,0,0,0,neg,0,0,0,,0,0,,0,,2,38.79,2.19786,157.711,47.7913,1.67935,33.32,3.76473,5817.46,1282.09,3.10792,,0,0,0,0,0,0,,0,0,0,,0,0,0,0,Guraja Furda,"Tuesday, 23 October 2018",17,0,0,,0,0,0,,18,,,1,0,1,0,2,,,,,,,,,,,,,,,,,,,master only (1),,,,
C10R09-03,C10R00-03,F,0,32,36.4,12.5,0,0,0,neg,0,0,0,,0,0,,0,,2,38.02,2.45256,283.505,85.9106,1.93405,,,0,0,,,0,0,0,0,0,0,,0,0,0,,0,0,0,0,Guraja Furda,"Sunday, 18 November 2018",30,0,0,,0,0,0,,104,,,1,0,0,0,2,,,,,,,,,,,,,,,,,,,master only (1),,,,
C10R17-03,C10R00-03,F,0,32,36.4,13.2,0,0,0,neg,0,0,0,,0,0,,0,,2,37.71,2.55631,360.002,109.092,2.03779,,,0,0,,,0,0,0,0,0,0,,0,0,0,,0,0,0,0,Guraja Furda,"Saturday, 22 December 2018",30,0,0,,0,0,0,,109,,,1,0,0,0,2,,,,,,,,,,,,,,,,,,,master only (1),,,,
C10R17-24,C10R00-24,F,0,9,35.7,12.9,0,0,0,neg,0,0,0,,0,0,,0,,2,36.38,2.99656,992.109,300.639,2.47805,,,0,0,,,0,0,0,0,0,0,,0,0,0,,0,0,0,0,Guraja Furda,"Saturday, 22 December 2018",30,0,0,,0,0,0,,87,,,1,0,0,0,2,,,,,,,,,,,,,,,,,,,master only (1),,,,
C11R05-03,C11R00-03,M,1,9,36.4,13,0,0,0,neg,0,0,0,,0,0,,0,,2,34.34,3.67007,4678.15,1417.62,3.15156,27.56,5.46205,289765,63860.1,4.80523,,0,0,0,0,0,0,,0,0,0,,0,0,0,0,Guraja Furda,"Wednesday, 28 November 2018",30,0,0,,0,0,0,,80,,,1,0,1,0,2,,,,,,,,,,,,,,,,,,,master only (1),,,,
C11R05-43,C11R00-43,M,1,13,36.1,12.2,0,0,0,neg,0,0,0,,0,0,,0,,2,37.55,2.61086,408.185,123.693,2.09234,31.55,4.2863,19333.2,4260.76,3.62949,,0,0,0,0,0,0,,0,0,0,,0,0,0,0,Guraja Furda,"Sunday, 18 November 2018",30,0,0,,0,0,0,,63,,,1,0,1,0,2,,,,,,,,,,,,,,,,,,,master only (1),,,,
C11R09-43,C11R00-43,M,1,13,36.1,9.9,0,0,0,neg,0,0,0,,0,0,,0,,2,33.33,4.00556,10128.8,3069.33,3.48704,29.84,4.79019,61686.9,13594.9,4.13338,,0,0,0,0,0,0,,0,0,0,,0,0,0,0,Guraja Furda,"Thursday, 13 December 2018",30,0,0,,0,0,0,,78,,,1,0,1,0,2,,,,,,,,,,,,,,,,,,,master only (1),,,,
C11R13-43,C11R00-43,M,1,13,35.7,12.7,0,0,0,neg,0,0,0,,0,0,,0,,2,36.12,3.08257,1209.41,366.487,2.56406,33.44,3.72937,5362.57,1181.83,3.07256,,0,0,0,0,0,0,,0,0,0,,0,0,0,0,Guraja Furda,"Thursday, 27 December 2018",30,0,0,,0,0,0,,107,,,1,0,1,0,2,,,,,,,,,,,,,,,,,,,master only (1),,,,
C11R17-03,C11R00-03,M,1,9,36.6,13,0,0,0,pv,2,73,73000,4.86332286,0,0,,73000,4.86332286,2,32.52,4.27253,18729.6,5675.64,3.75401,26.11,5.88932,775035,170807,5.2325,,0,0,0,0,0,0,,0,0,0,,0,0,0,0,Guraja Furda,"Saturday, 12 January 2019",30,0,0,,0,0,0,,88,,,1,1,1,0,2,,,,,,,,,,,,,,,,,,,master only (1),,,,
C12R01-13,C12R00-13,F,0,20,35.5,13.4,0,0,0,neg,0,0,0,,0,0,,0,,2,37.51,2.6227,419.47,127.112,2.10419,31.92,4.17727,15040.9,3314.81,3.52046,,0,0,0,0,0,0,,0,0,0,,0,0,0,0,Dibibisa,"Thursday, 29 November 2018",30,0,0,,0,0,0,,98,,,1,0,1,0,2,,,,,,,,,,,,,,,,,,,master only (1),,,,
C12R01-53,C12R00-53,M,1,10,36.9,14.4,0,0,0,neg,0,0,0,,0,0,,0,,2,38.15,2.41005,257.069,77.8998,1.89154,31.97,4.16254,14539.2,3204.24,3.50572,,0,0,0,0,0,0,,0,0,0,,0,0,0,0,Dibibisa,"Thursday, 29 November 2018",30,0,0,,0,0,0,,116,,,1,0,1,0,2,,,,,,,,,,,,,,,,,,,master only (1),,,,
C12R05-13,C12R00-13,F,0,20,35.3,12.5,0,0,0,neg,0,0,0,,0,0,,0,,2,37.39,2.66121,458.362,138.897,2.14269,,,0,0,,,0,0,0,0,0,0,,0,0,0,,0,0,0,0,Dibibisa,"Friday, 14 December 2018",23,0,0,,0,0,0,,81,,,1,0,0,0,2,,,,,,,,,,,,,,,,,,,master only (1),,,,
C12R17-53,C12R00-53,M,1,10,35.9,13,0,0,0,neg,0,0,0,,0,0,,0,,2,36.46,2.97079,934.951,283.318,2.45227,32.05,4.13897,13771.1,3034.95,3.48215,,0,0,0,0,0,0,,0,0,0,,0,0,0,0,Dibibisa,"Monday, 28 January 2019",30,0,0,,0,0,0,,89,,,1,0,1,0,2,,,,,,,,,,,,,,,,,,,master only (1),,,,
C13R01-02,C13R00-02,M,1,9,36.7,13.8,0,0,0,neg,0,0,0,,0,0,,0,,2,37.49,2.62869,425.293,128.877,2.11017,31.56,4.28336,19202.5,4231.95,3.62654,,0,0,0,0,0,0,,0,0,0,,0,0,0,0,Dibibisa,"Tuesday, 18 December 2018",30,0,0,,0,0,0,,104,,,1,0,1,0,2,,,,,,,,,,,,,,,,,,,master only (1),,,,
C13R01-09,C13R00-09,F,0,8,36.1,10.9,0,0,0,neg,0,0,0,,0,0,,0,,2,33,4.11466,13021.5,3945.92,3.59615,26.54,5.76261,578911,127584,5.1058,,0,0,0,0,0,0,,0,0,0,,0,0,0,0,Dibibisa,"Wednesday, 19 December 2018",30,0,0,,0,0,0,,106,,,1,0,1,0,2,,,,,,,,,,,,,,,,,,,master only (1),,,,
C13R01-10,C13R00-10,M,1,6,36.1,12.1,0,0,0,neg,0,0,0,,0,0,,0,,2,32.75,4.19581,15696.8,4756.61,3.6773,26.63,5.73609,544617,120026,5.07927,,0,0,0,0,0,0,,0,0,0,,0,0,0,0,Dibibisa,"Wednesday, 19 December 2018",30,0,0,,0,0,0,,66,,,1,0,1,0,2,,,,,,,,,,,,,,,,,,,master only (1),,,,
C13R01-23,C13R00-23,F,0,10,36.9,14.4,0,0,0,neg,0,0,0,,0,0,,0,,2,34.02,3.77594,5969.48,1808.93,3.25742,29.64,4.84913,70652.5,15570.8,4.19231,,0,0,0,0,0,0,,0,0,0,,0,0,0,0,Dibibisa,"Tuesday, 18 December 2018",30,0,0,,0,0,0,,88,,,1,0,1,0,2,,,,,,,,,,,,,,,,,,,master only (1),,,,
C13R05-01,C13R00-01,M,1,60,36.3,14,0,0,0,neg,0,0,0,,0,0,,0,,2,36.09,3.09356,1240.38,375.874,2.57504,,,0,0,,,0,0,0,0,0,0,,0,0,0,,0,0,0,0,Dibibisa,"Wednesday, 2 January 2019",30,0,0,,0,0,0,,54,,,1,0,0,0,2,,,,,,,,,,,,,,,,,,,master only (1),,,,
C13R05-10,C13R00-10,M,1,6,36.4,11.7,0,0,0,neg,0,0,0,,0,0,,0,,2,30.79,4.84544,70055.4,21228.9,4.32693,26.48,5.78029,602965,132885,5.12348,,0,0,0,0,0,0,,0,0,0,,0,0,0,0,Dibibisa,"Wednesday, 2 January 2019",30,0,0,,0,0,0,,61,,,1,0,1,0,2,,,,,,,,,,,,,,,,,,,master only (1),,,,
C13R05-23,C13R00-23,F,0,10,36.6,14.6,0,0,0,neg,0,0,0,,0,0,,0,,2,33.12,4.07434,11866.8,3596.01,3.55582,29.51,4.88743,77167.6,17006.6,4.23062,,0,0,0,0,0,0,,0,0,0,,0,0,0,0,Dibibisa,"Wednesday, 2 January 2019",28,0,0,,0,0,0,,46,,,1,0,1,0,2,,,,,,,,,,,,,,,,,,,master only (1),,,,
C13R09-01,C13R00-01,M,1,60,36.9,13.8,0,0,0,pv,2,35,35000,4.544068044,0,0,,35000,4.544068044,2,35.27,3.36383,2311.19,700.359,2.84532,27.73,5.41195,258197,56903,4.75514,,0,0,0,0,0,0,,0,0,0,,0,0,0,0,Dibibisa,"Thursday, 17 January 2019",30,0,0,,0,0,0,,93,,,1,1,1,0,2,,,,,,,,,,,,,,,,,,,master only (1),,,,
C13R09-09,C13R00-09,F,0,8,36.5,12.2,0,0,0,neg,0,0,0,,0,0,,0,,2,40.15,1.74792,55.9649,16.9591,1.2294,30.05,4.72831,53494.9,11789.5,4.0715,,0,0,0,0,0,0,,0,0,0,,0,0,0,0,Dibibisa,"Thursday, 17 January 2019",30,0,0,,0,0,0,,78,,,1,0,1,0,2,,,,,,,,,,,,,,,,,,,master only (1),,,,
C13R09-10,C13R00-10,M,1,6,35.9,12.1,0,0,0,neg,0,0,0,,0,0,,0,,2,32.22,4.37257,23581.3,7145.86,3.85405,27.23,5.55929,362483,79886.1,4.90247,,0,0,0,0,0,0,,0,0,0,,0,0,0,0,Dibibisa,"Thursday, 17 January 2019",30,0,0,,0,0,0,,78,,,1,0,1,0,2,,,,,,,,,,,,,,,,,,,master only (1),,,,
C13R09-23,C13R00-23,F,0,10,36.4,13.2,0,0,0,neg,0,0,0,,0,0,,0,,2,35.78,3.19356,1561.57,473.204,2.67505,31.35,4.34524,22143.1,4880.02,3.68842,,0,0,0,0,0,0,,0,0,0,,0,0,0,0,Dibibisa,"Thursday, 17 January 2019",30,0,0,,0,0,0,,87,,,1,0,1,0,2,,,,,,,,,,,,,,,,,,,master only (1),,,,
C13R13-09,C13R00-09,F,0,8,36.6,11.7,0,0,0,neg,0,0,0,,0,0,,0,,2,37.57,2.60341,401.249,121.591,2.0849,31.26,4.37176,23537.4,5187.31,3.71494,,0,0,0,0,0,0,,0,0,0,,0,0,0,0,Dibibisa,"Friday, 1 February 2019",30,0,0,,0,0,0,,96,,,1,0,1,0,2,,,,,,,,,,,,,,,,,,,master only (1),,,,
C13R13-10,C13R00-10,M,1,6,35.7,11.8,0,0,0,pv,2,78,78000,4.892094603,0,0,,78000,4.892094603,2,30.01,5.10431,127147,38529.5,4.58579,23.6,6.62895,4300000,937847,5.97213,,0,0,0,0,0,0,,0,0,0,,0,0,0,0,Dibibisa,"Friday, 1 February 2019",17,0,0,,0,0,0,,36,,,1,1,1,0,2,,,,,,,,,,,,,,,,,,,master only (1),,,,
C13R17-10,C13R00-10,M,1,6,36.3,12.2,0,0,0,neg,0,0,0,,0,0,,0,,2,35.02,3.44747,2801.99,849.087,2.92895,31.61,4.26862,18561.9,4090.78,3.61181,,0,0,0,0,0,0,,0,0,0,,0,0,0,0,Dibibisa,"Saturday, 16 February 2019",30,0,0,,0,0,0,,73,,,1,0,1,0,2,,,,,,,,,,,,,,,,,,,master only (1),,,,
C14R01-02,C14R00-02,M,1,15,36.3,14.9,0,0,0,neg,0,0,0,,0,0,,0,,2,34.49,3.62346,4202.05,1273.35,3.10495,30.95,4.46311,29047.4,6401.63,3.80629,,0,0,0,0,0,0,,0,0,0,,0,0,0,0,Dibibisa,"Friday, 21 December 2018",30,0,0,,0,0,0,,125,,,1,0,1,0,2,,,,,,,,,,,,,,,,,,,master only (1),,,,
C14R01-11,C14R00-11,M,1,11,36.1,13.9,0,0,0,neg,0,0,0,,0,0,,0,,2,36.57,2.93516,861.31,261.003,2.41665,28.9,5.06719,116731,25725.8,4.41037,,0,0,0,0,0,0,,0,0,0,,0,0,0,0,Dibibisa,"Friday, 21 December 2018",27,0,0,,0,0,0,,114,,,1,0,1,0,2,,,,,,,,,,,,,,,,,,,master only (1),,,,
C14R05-02,C14R00-02,M,1,15,36,13.1,0,0,0,neg,0,0,0,,0,0,,0,,2,44.74,0.231209,1.70298,0.516054,-0.287304,35.34,3.1695,1477.39,325.596,2.51268,,0,0,0,0,0,0,,0,0,0,,0,0,0,0,Dibibisa,"Saturday, 5 January 2019",30,0,0,,0,0,0,,87,,,1,0,1,0,2,,,,,,,,,,,,,,,,,,,master only (1),,,,
C14R05-11,C14R00-11,M,1,11,36.5,14.9,0,0,0,neg,0,0,0,,0,0,,0,,2,35.2,3.38693,2437.4,738.605,2.86841,30.02,4.73715,54594.9,12031.9,4.08034,,0,0,0,0,0,0,,0,0,0,,0,0,0,0,Dibibisa,"Saturday, 5 January 2019",27,0,0,,0,0,0,,98,,,1,0,1,0,2,,,,,,,,,,,,,,,,,,,master only (1),,,,
C14R09-11,C14R00-11,M,1,11,36.7,13.9,0,0,0,neg,0,0,0,,0,0,,0,,2,35.21,3.38521,2427.76,735.685,2.86669,30.68,4.54267,34887.4,7688.68,3.88585,,0,0,0,0,0,0,,0,0,0,,0,0,0,0,Dibibisa,"Sunday, 20 January 2019",30,0,0,,0,0,0,,130,,,1,0,1,0,2,,,,,,,,,,,,,,,,,,,master only (1),,,,
C14R13-02,C14R00-02,M,1,15,35.7,15.3,0,0,0,neg,0,0,0,,0,0,,0,,2,36.54,2.94323,877.468,265.899,2.42472,34.13,3.52605,3357.76,740.001,2.86923,,0,0,0,0,0,0,,0,0,0,,0,0,0,0,Dibibisa,"Monday, 4 February 2019",30,0,0,,0,0,0,,115,,,1,0,1,0,2,,,,,,,,,,,,,,,,,,,master only (1),,,,
C14R13-11,C14R00-11,M,1,11,36.3,14.5,0,0,0,neg,0,0,0,,0,0,,0,,2,37.13,2.74931,561.443,170.134,2.23079,29.72,4.82555,66919.7,14748.1,4.16874,,0,0,0,0,0,0,,0,0,0,,0,0,0,0,Dibibisa,"Monday, 4 February 2019",30,0,0,,0,0,0,,124,,,1,0,1,0,2,,,,,,,,,,,,,,,,,,,master only (1),,,,
C14R17-11,C14R00-11,M,1,11,36.7,13.6,0,0,0,neg,0,0,0,,0,0,,0,,2,38.29,2.36357,230.978,69.9933,1.84506,31.11,4.41596,26059.1,5743.05,3.75914,,0,0,0,0,0,0,,0,0,0,,0,0,0,0,Dibibisa,"Tuesday, 19 February 2019",30,0,0,,0,0,0,,86,,,1,0,1,0,2,,,,,,,,,,,,,,,,,,,master only (1),,,,
C16R01-01,C16R00-01,M,1,60,36.4,12.8,0,0,0,neg,0,0,0,,0,0,,0,,2,38.98,2.13547,136.606,41.3958,1.61696,29.31,4.94637,88383.2,19478.4,4.28955,,0,0,0,0,0,0,,0,0,0,,0,0,0,0,Dengore Furda,"Tuesday, 22 January 2019",50,0,0,,0,0,0,,175,,,1,0,1,0,2,,,,,,,,,,,,,,,,,,,master only (1),,,,
C17R01-174,C17R00-174,M,1,15,36.3,14.3,0,0,0,neg,0,0,0,,0,0,,0,,2,36.48,2.96417,920.815,279.035,2.44566,,,0,0,,,0,0,0,0,0,0,,0,0,0,,0,0,0,0,Dengore Furda,"Tuesday, 5 March 2019",50,0,0,,0,0,0,,163,,,1,0,0,0,2,,,,,,,,,,,,,,,,,,,master only (1),,,,
C19R01-23,C19R00-23,F,0,19,37.1,12.8,0,0,0,neg,0,0,0,,0,0,,0,,2,36.95,2.80723,641.552,194.41,2.28872,29.1,5.00825,101918,22461.3,4.35143,,0,0,0,0,0,0,,0,0,0,,0,0,0,0,Dibibisa,"Tuesday, 12 March 2019",50,0,0,,0,0,0,,124,,,1,0,1,0,2,,,,,,,,,,,,,,,,,,,master only (1),,,,
C19R05-23,C19R00-23,F,0,19,37.3,12.8,0,0,0,neg,0,0,0,,0,0,,0,,2,36.87,2.83459,683.267,207.051,2.31608,29.67,4.84029,69228.9,15257.1,4.18347,,0,0,0,0,0,0,,0,0,0,,0,0,0,0,Dibibisa,"Wednesday, 27 March 2019",50,0,0,,0,0,0,,129,,,1,0,1,0,2,,,,,,,,,,,,,,,,,,,master only (1),,,,
C19R09-23,C19R00-23,F,0,19,36.3,12.2,0,0,0,neg,0,0,0,,0,0,,0,,2,35.09,3.42378,2653.26,804.017,2.90527,29.65,4.84618,70174.8,15465.5,4.18936,,0,0,0,0,0,0,,0,0,0,,0,0,0,0,Dibibisa,"Thursday, 11 April 2019",50,0,0,,0,0,0,,103,,,1,0,1,0,2,,,,,,,,,,,,,,,,,,,master only (1),,,,
C19R13-23,C19R00-23,F,0,19,36.8,12.5,0,0,0,neg,0,0,0,,0,0,,0,,2,32.85,4.16584,14650.1,4439.41,3.64733,26.27,5.84217,695302,153235,5.18536,,0,0,0,0,0,0,,0,0,0,,0,0,0,0,Dibibisa,"Friday, 26 April 2019",50,0,0,,0,0,0,,100,,,1,0,1,0,2,,,,,,,,,,,,,,,,,,,master only (1),,,,
C19R17-23,C19R00-23,F,0,19,35.8,13.1,0,0,0,neg,0,0,0,,0,0,,0,,2,33.21,4.04443,11077.2,3356.72,3.52592,27.52,5.47383,297737,65617,4.81702,,0,0,0,0,0,0,,0,0,0,,0,0,0,0,Dibibisa,"Sunday, 12 May 2019",50,0,0,,0,0,0,,81,,,1,0,1,0,2,,,,,,,,,,,,,,,,,,,master only (1),,,,
C20R01-06,C20R00-06,M,1,23,35.1,16.1,0,0,0,neg,0,0,0,,0,0,,0,,2,39.18,2.07146,117.885,35.7226,1.55294,31.61,4.26862,18561.9,4090.78,3.61181,,0,0,0,0,0,0,,0,0,0,,0,0,0,0,Dengore Furda,"Friday, 15 March 2019",50,0,0,,0,0,0,,109,,,1,0,1,0,2,,,,,,,,,,,,,,,,,,,master only (1),,,,
C20R17-06,C20R00-06,M,1,23,34.2,15.3,0,0,0,neg,0,0,0,,0,0,,0,,2,36.47,2.96622,925.174,280.356,2.44771,32.3,4.0653,11622.5,2561.43,3.40848,,0,0,0,0,0,0,,0,0,0,,0,0,0,0,Dengore Furda,15 May 2019,44,0,0,,0,0,0,,106,,,1,0,1,0,2,,,,,,,,,,,,,,,,,,,master only (1),,,,
C40R01-01,C40R00-01,F,0,40,36.9,14.7,0,0,0,pv,2,37,37000,4.568201724,0,0,,37000,4.568201724,2,33.29,4.01906,10448.5,3166.22,3.50054,30.64,4.55446,35847.2,7900.21,3.89764,,0,0,0,0,0,0,,0,0,0,,0,0,0,0,Hurufa Kurfa,"Sunday, 15 December 2019",50,0,0,,0,0,0,,72,,,1,1,1,0,2,,,,,,,,,,,,,,,,,,,master only (1),,,,
C5R01-27,C5R00-27,M,1,17,,,,0,0,neg,0,0,0,,0,0,,0,,2,37.22,2.71771,522.05,158.197,2.1992,30.61,4.5633,36584.4,8062.67,3.90648,,0,0,0,0,0,0,,0,0,0,,0,0,0,0,Guraja Furda,"Friday, 28 September 2018",12,0,0,,0,0,0,,42,,,1,0,1,0,2,,,,,,,,,,,,,,,,,,,master only (1),,,,
C5R09-27,C5R00-27,M,1,17,35,14.8,0,0,0,neg,0,0,0,,0,0,,0,,2,35.19,3.38881,2448,741.819,2.8703,,,0,0,,,0,0,0,0,0,0,,0,0,0,,0,0,0,0,Guraja Furda,"Monday, 29 October 2018",30,0,0,,0,0,0,,90,,,1,0,0,0,2,,,,,,,,,,,,,,,,,,,master only (1),,,,
C6R09-28,C6R00-28,F,0,45,36.5,13.6,0,0,0,neg,0,0,0,,0,0,,0,,2,36.65,2.90635,806.019,244.248,2.38783,29.45,4.90512,80374,17713.3,4.2483,,0,0,0,0,0,0,,0,0,0,,0,0,0,0,Guraja Furda,"Sunday, 11 November 2018",30,0,0,,0,0,0,,75,,,1,0,1,0,2,,,,,,,,,,,,,,,,,,,master only (1),,,,
C6R17-28,C6R00-28,F,0,45,35.9,12.3,0,0,0,neg,0,0,0,,0,0,,0,,2,34.89,3.49034,3092.72,937.187,2.97183,27.37,5.51803,329635,72646.9,4.86122,,0,0,0,0,0,0,,0,0,0,,0,0,0,0,Guraja Furda,"Tuesday, 11 December 2018",30,0,0,,0,0,0,,80,,,1,0,1,0,2,,,,,,,,,,,,,,,,,,,master only (1),,,,
C7R01-30,C7R00-30,M,1,8,,13.4,,0,0,neg,0,0,0,,0,0,,0,,2,32.48,4.28738,19381.3,5873.12,3.76887,25.65,6.02487,1100000,233375,5.36805,,0,0,0,0,0,0,,0,0,0,,0,0,0,0,Guraja Furda,"Friday, 5 October 2018",30,0,0,,0,0,0,,63,,,1,0,1,0,2,,,,,,,,,,,,,,,,,,,master only (1),,,,
C7R05-30,C7R00-30,M,1,8,35.5,12.7,0,0,0,neg,0,0,0,,0,0,,0,,2,31.15,4.72598,53208.7,16123.8,4.20747,29.94,4.76073,57640.3,12703.1,4.10391,,0,0,0,0,0,0,,0,0,0,,0,0,0,0,Guraja Furda,"Saturday, 20 October 2018",30,0,0,,0,0,0,,67,,,1,0,1,0,2,,,,,,,,,,,,,,,,,,,master only (1),,,,
C7R09-50,C7R00-50,M,1,5,37,13.7,0,0,0,neg,0,0,0,,0,0,,0,,2,38.16,2.40826,256.014,77.58,1.88975,,,0,0,,,0,0,0,0,0,0,,0,0,0,,0,0,0,0,Guraja Furda,"Monday, 5 November 2018",30,0,0,,0,0,0,,86,,,1,0,0,0,2,,,,,,,,,,,,,,,,,,,master only (1),,,,
C7R17-50,C7R00-50,M,1,5,36.9,13.1,0,0,0,neg,0,0,0,,0,0,,0,,2,35.59,3.25767,1809.99,548.48,2.73916,,,0,0,,,0,0,0,0,0,0,,0,0,0,,0,0,0,0,Guraja Furda,"Wednesday, 5 December 2018",30,0,0,,0,0,0,,96,,,1,0,0,0,2,,,,,,,,,,,,,,,,,,,master only (1),,,,
C8R01-22,C8R00-22,F,0,18,38.2,13.4,1,0,0,neg,0,0,0,,0,0,,0,,2,38.78,2.20375,159.864,48.4437,1.68524,,,0,0,,,0,0,0,0,0,0,,0,0,0,,0,0,0,0,Guraja Furda,"Tuesday, 9 October 2018",15,0,0,,0,0,0,,29,,,1,0,0,0,2,,,,,,,,,,,,,,,,,,,master only (1),,,,
C8R17-22,C8R00-22,F,0,18,35.6,13.8,0,0,0,neg,0,0,0,,0,0,,0,,2,38.5,2.29446,196.998,59.6964,1.77595,,,0,0,,,0,0,0,0,0,0,,0,0,0,,0,0,0,0,Guraja Furda,"Saturday, 8 December 2018",30,0,0,,0,0,0,,115,,,1,0,0,0,2,,,,,,,,,,,,,,,,,,,master only (1),,,,
C9R01-45,C9R00-45,F,0,8,37.3,14,0,0,0,neg,0,0,0,,0,0,,0,,2,36.45,2.97476,943.536,285.92,2.45624,29.17,4.98762,97190.5,21419.4,4.33081,,0,0,0,0,0,0,,0,0,0,,0,0,0,0,Guraja Furda,"Tuesday, 16 October 2018",30,0,0,,0,0,0,,62,,,1,0,1,0,2,,,,,,,,,,,,,,,,,,,master only (1),,,,
CL02,CL02,F,0,11,38,,1,0,1,pv,2,11586,11586000,7.063933524,133,133000,5.123851641,11719000,7.068890554,2,22.90692585,6.034793603,1083411.904,325348.9201,5.51234937,23.02,6.581326197,3813521.479,3149068.108,6.498182054,,,,,,,,,,,,,,,,1,Adama,"Friday, 12 October 2018",17,13,76.5,1.883661435,499,38.38461538,29.4,1.46834733,17,29.8,,1,1,1,1,2,,,,,,,,,,,,,,,,,,,master only (1),,,,
CL03,CL03,M,1,50,36.3,12.5,0,0,1,pv,2,15698,15698000,7.195844325,1024,1024000,6.010299957,16722000,7.223288219,2,22.51210628,6.176305994,1500741.852,450673.2289,5.653861761,17.49,8.225691347,168147861,138850422,8.142547204,,,,,,,,,,,,,,,,1,Adama,"Wednesday, 17 October 2018",30,28,93.3,1.969881644,1072,38.28571429,35.7,1.552668216,105,87.5,,1,1,1,1,2,,,,,,,,,,,,,,,,,,,master only (1),,,,
CL07,CL07,M,1,18,,12.1,,0,1,pv,2,9852,9852000,6.993524403,114,114000,5.056904851,9966000,6.998520883,2,24.5531004,5.444766881,278462.6046,83622.40377,4.922322647,20.89,7.214689266,16394163.63,13537707.38,7.131545122,,,,,,,,,,,,,,,,1,Adama,"Friday, 19 October 2018",30,28,93.3,1.969881644,609,21.75,20.3,1.307496038,83,75,,1,1,1,1,2,,,,,,,,,,,,,,,,,,,master only (1),,,,
CL10,CL10,,,,,,,0,1,pv,2,10307,10307000,7.013132276,217,217000,5.336459734,10524000,7.022180839,2,21.90135655,6.395212707,2484349.582,746050.9254,5.872768473,19.66,7.580434136,38056963.72,31426064.18,7.497289993,,,,,,,,,,,,,,,,1,Adama,"Wednesday, 14 November 2018",30,27,90,1.954242509,1361,50.40740741,45.4,1.657055853,140,87,,1,1,1,1,2,,,,,,,,,,,,,,,,,,,master only (1),,,,
CL11,CL11,M,1,28,36,14.5,0,0,1,pv,2,8512,8512000,6.930031615,0,0,,8512000,6.930031615,2,26.04202031,4.911103833,81489.90894,24471.44413,4.388659599,21.55,7.01843592,10433641.74,8615723.981,6.935291777,,,,,,,,,,,,,,,,1,Adama,"Monday, 19 November 2018",30,22,73.3,1.865103975,212,9.636363636,7.1,0.851258349,57,52,,1,1,1,0,2,,,,,,,,,,,,,,,,,,,master only (1),,,,
CL12,CL12,M,1,23,35.8,9.8,0,0,1,pv,2,2348,2348000,6.370698093,0,0,,2348000,6.370698093,2,23.03476879,5.988971761,974926.2423,292770.6433,5.466527527,17.1,8.341659233,219613600.9,181348968.5,8.25851509,,,,,,,,,,,,,,,,1,Adama,"Monday, 19 November 2018",29,27,93.1,1.968949681,1112,41.18518519,38.3,1.583198774,80,66.6,,1,1,1,0,2,,,,,,,,,,,,,,,,,,,master only (1),,,,
CL13,CL13,M,1,25,37.5,13.7,1,0,1,pv,2,,0,,,,,0,,2,21.37605587,6.583492518,3832591.379,1150928.342,6.061048285,18.39,7.958073149,90797344.88,74977163.41,7.874929006,,,,,,,,,,,,,,,,1,Adama,"Wednesday, 21 November 2018",30,28,93.3,1.969881644,837,29.89285714,27.9,1.445604203,106,90,,1,1,1,,2,,,,,,,,,,,,,,,,,,,master only (1),,,,
CL16,CL16,F,0,3,36.7,11.4,0,0,1,pv,2,15333,15333000,7.185627136,173,173000,5.238046103,15506000,7.19049978,2,19.53229059,7.24434029,17552552.88,5271036.899,6.721896056,17.33,8.273267916,187615154.6,154925808.9,8.190123772,,,,,,,,,,,,,,,,1,Adama,"Thursday, 29 November 2018",30,18,60,1.77815125,644,35.77777778,21.5,1.33243846,87,75,,1,1,1,1,2,,,,,,,,,,,,,,,,,,,master only (1),,,,
CL17,CL17,M,1,20,36.6,13.4,0,0,1,pv,2,7342,7342000,6.86581438,0,0,,7342000,6.86581438,2,23.916146,5.673065949,471048.8513,141456.1115,5.150621716,21.93,6.90544157,8043435.249,6641977.91,6.822297427,,,,,,,,,,,,,,,,1,Adama,"Thursday, 29 November 2018",30,6,20,1.301029996,14,2.333333333,0.5,-0.301029996,85,73.8,,1,1,1,0,2,,,,,,,,,,,,,,,,,,,master only (1),,,,
CL19,CL19,M,1,33,39.9,,1,0,1,pv,2,5188,5188000,6.714999967,0,0,,5188000,6.714999967,2,22.04028875,6.345416217,2215216.7,665230.2404,5.822971983,19.95,7.494201606,31203377.53,25766620.59,7.411057463,,,,,,,,,,,,,,,,1,Adama,"Tuesday, 18 December 2018",30,26,86.7,1.938019097,584,22.46153846,19.5,1.290034611,98,75.4,,1,1,1,0,2,,,,,,,,,,,,,,,,,,,master only (1),,,,
CL20,CL20,M,1,32,39.9,13.7,1,0,1,pv,2,8760,8760000,6.942504106,341,341000,5.532754379,9101000,6.959089114,2,20.11411892,7.035799669,10859245.93,3261034.814,6.513355435,18.42,7.949152542,88951349.73,73452807.37,7.866008399,,,,,,,,,,,,,,,,1,Adama,"Thursday, 27 December 2018",30,23,76.7,1.884795364,190,0,6.3,0.799340549,120,90.9,,1,1,1,1,2,,,,,,,,,,,,,,,,,,,master only (1),,,,
CL23,CL23,M,1,28,35,14.4,0,0,1,pv,2,1108,1108000,6.04453976,0,0,,1108000,6.04453976,2,27.24939254,4.478353929,30085.27106,9034.615934,3.955909695,24.01,6.286946179,1936182.003,1598829.069,6.203802036,,,,,,,,,,,,,,,,1,Adama,"Thursday, 31 January 2019",30,1,3.3,0.51851394,1,1,0.03,-1.522878745,121,80.67,,1,1,1,0,2,,,,,,,,,,,,,,,,,,,master only (1),,,,
DB02,DB02,F,0,18,37.8,8.3,1,0,1,pv,2,4454,4454000,6.648750213,341,341000,5.532754379,4795000,6.680788612,2,23.1324486,5.953961076,899416.9676,270095.1855,5.431516843,20.13,7.440677966,27585316.18,22778956.38,7.357533823,,,,,,,,,,,,,,,,1,Dibibisa,"Friday, 14 December 2018",26,7,26.9,1.42975228,103,14.71428571,4,0.602059991,46,29.1,,1,1,1,1,2,,,,,,,,,,,,,,,,,,,master only (1),,,,
SR01,SR01,M,1,7,36.6,12.6,0,0,1,pfpv,3,22604,22604000,7.354185299,1381,1381000,6.140193679,23985000,7.379939723,2,25.53,5.094623656,124343.6627,37340.43925,4.572179422,23.29,6.501040737,3169864.787,2617559.692,6.417896594,,,,,,,,,,,,,,,,1,Arba Minch,"Thursday, 5 March 2020",30,24,80,1.903089987,489,20.375,16.3,1.212187604,56,68.29268293,,1,1,1,1,2,0.494,0.521,200,0.119,0.124,200,0.272,0.185,200,0.115,0.134,200,0.112,0.118,200,0.106,0.113,200,matched (3),,,,
SR02,SR02,M,1,40,36.7,12.8,0,0,1,pv,2,6680,6680000,6.824776462,858,858000,5.933487288,7538000,6.877256133,2,22.56,6.159139785,1442579.595,433207.0856,5.636695551,18.4,7.955099613,90177795.33,74465561.79,7.87195547,,,,,,,,,,,,,,,,1,Arba Minch,"Thursday, 5 March 2020",30,28,93.3,1.969881644,546,19.5,18.2,1.260071388,60,66.66666667,,1,1,1,1,2,0.579,0.573,200,0.569,0.512,200,0.278,0.299,200,0.405,0.413,200,0.216,0.23,200,0.127,0.127,200,matched (3),,,,
SR03,SR03,F,0,17,37.7,13.7,1,0,1,pv,2,970,970000,5.986771734,152,152000,5.181843588,1122000,6.049992857,2,23.25,5.911827957,816258.9515,245122.8083,5.389383723,17.79,8.136485281,136925798.1,113068371.7,8.053341138,,,,,,,,,,,,,,,,1,Arba Minch,"Friday, 6 March 2020",32,28,87.5,1.942008053,2737,97.75,85.53125,1.932124819,60,66.66666667,,1,1,1,1,2,0.898,0.888,200,0.648,0.634,200,0.333,0.36,200,0.341,0.337,200,0.305,0.327,200,0.16,0.184,200,matched (3),,,,
SR04,SR04,M,1,32,38.2,13.2,1,0,1,pv,2,24490,24490000,7.388988785,2000,2000000,6.301029996,26490000,7.423081958,2,29.28,3.750537634,5630.379061,1690.804523,3.228093401,21.19,7.1254832,13350059.44,11023996.24,7.042339056,,,,,,,,,,,,,,,,1,Arba Minch,"Friday, 6 March 2020",30,24,80,1.903089987,96,4,3.2,0.505149978,50,58.82352941,,1,1,1,1,2,1.154,1.153,200,0.746,0.744,200,0.332,0.358,200,0.3,0.331,200,0.348,0.303,200,0.255,0.24,200,matched (3),,,,
SR05,SR05,F,0,23,40,11.5,1,0,1,pv,2,9880,9880000,6.994756945,1320,1320000,6.120573931,11200000,7.049218023,2,21.93,6.384946237,2426309.712,728621.5351,5.862502003,22.09,6.857865001,7208833.61,5952794.062,6.774720858,,,,,,,,,,,,,,,,1,Arba Minch,"Friday, 6 March 2020",30,13,43.3,1.636487896,32,2.461538462,1.066666667,0.028028724,76,76,,1,1,1,1,2,0.398,0.347,200,0.194,0.171,200,0.39,0.405,200,0.391,0.418,200,0.321,0.394,200,0.265,0.194,200,matched (3),,,,
SR06,SR06,M,1,15,36.7,14.1,0,0,1,pfpv,3,4880,4880000,6.688419822,0,0,,4880000,6.688419822,3,28.04,4.194982079,15666.8642,4704.764023,3.672537845,24.88,6.028248588,1067206.809,881260.7839,5.945104444,21.58,184100,184.1,55.78787879,55787.87879,18.5959596,18595.9596,,,,,,,,,0,Arba Minch,"Friday, 6 March 2020",30,0,0,,0,0,0,,80,80,4.74654007,1,1,1,0,,1.141,1.067,200,0.489,0.441,200,0.339,0.334,200,0.284,0.327,200,0.842,0.921,200,0.202,0.274,200,matched (3),,,,
SR07,SR07,F,0,11,39.8,8.3,1,0,1,pv,2,2971,2971000,6.472902652,114,114000,5.056904851,3085000,6.489255168,3,18.56,7.592831541,39158995.36,11759458.06,7.070387308,17.05,8.35652691,227262045.1,187664777.1,8.273382767,29.21,873.4,0.8734,0.264666667,264.6666667,0.088222222,88.22222222,,,,,,,,,1,Arba Minch,"Monday, 9 March 2020",32,6,18.8,1.274157849,10,1.666666667,0.3125,-0.505149978,70,70,2.422699213,1,1,1,1,,0.379,0.398,200,0.388,0.403,200,0.31,0.232,200,0.374,0.333,200,0.378,0.275,200,0.155,0.135,200,matched (3),,,,
SR08,SR08,M,1,10,39,9,1,0,1,pv,2,114,114000,5.056904851,0,0,,114000,5.056904851,2,21.84,6.417204301,2613390.458,784801.9393,5.894760068,31.77,3.979482605,9538.555365,7876.594025,3.896338462,,,,,,,,,,,,,,,,0,Arba Minch,"Monday, 9 March 2020",32,0,0,,0,0,0,,74,74,,1,1,1,0,2,0.319,0.339,200,0.343,0.364,200,0.262,0.236,200,0.356,0.296,200,0.366,0.351,200,0.145,0.131,200,matched (3),,,,
SR09,SR09,M,1,17,36.8,13.2,0,0,1,pv,2,4555,4555000,6.658488381,191,191000,5.281033367,4746000,6.676327734,2,22.17,6.298924731,1990328.36,597696.2041,5.776480498,19.01,7.773713946,59390084.87,49042184.04,7.690569803,,,,,,,,,,,,,,,,0,Arba Minch,"Monday, 9 March 2020",30,0,0,,0,0,0,,85,85,,1,1,1,1,2,0.284,0.308,200,0.252,0.28,200,0.29,0.251,200,0.22,0.178,200,0.208,0.172,200,0.144,0.161,200,matched (3),,,,
SR12,SR12,F,0,27,37.5,12.6,1,0,1,pv,2,10400,10400000,7.017033339,181,181000,5.257678575,10581000,7.024526714,2,28.5,4.030107527,10717.84635,3218.572478,3.507663293,22.22,6.81920904,6594912.527,5445840.237,6.736064896,,,,,,,,,,,,,,,,1,Arba Minch,"Tuesday, 10 March 2020",30,16,53.3,1.726727209,203,12.6875,6.766666667,0.832508913,86,86,,1,1,1,1,2,0.428,0.483,200,1.434,1.503,200,1.305,1.289,200,0.203,0.233,200,0.729,0.79,200,0.159,0.187,200,matched (3),,,,
SR13,SR13,F,0,18,39.5,13.7,1,0,1,pv,2,4251,4251000,6.628491105,463,463000,5.665580991,4714000,6.673389578,2,21.06,6.696774194,4974783.595,1493929.008,6.17432996,19.65,7.583407672,38318426.92,31641971.03,7.500263529,,,,,,,,,,,,,,,,1,Arba Minch,"Tuesday, 10 March 2020",30,25,83.3,1.920645001,194,7.76,6.466666667,0.812913357,80,80,,1,1,1,1,2,0.192,0.192,200,0.145,0.14,200,0.111,0.14,200,0.16,0.165,200,0.155,0.155,200,0.15,0.138,200,matched (3),,,,
SR14,SR14,M,1,28,38,15.6,1,0,1,pv,2,8200,8200000,6.913813852,200,200000,5.301029996,8400000,6.924279286,2,20.9,6.754121864,5677038.818,1704816.462,6.23167763,20.38,7.366339578,23245536.7,19195323.45,7.283195435,,,,,,,,,,,,,,,,1,Arba Minch,"Wednesday, 11 March 2020",30,26,86.7,1.938019097,636,24.46153846,21.2,1.326335861,92,92,,1,1,1,1,2,0.209,0.175,200,0.27,0.242,200,0.197,0.189,200,0.772,0.78,200,0.519,0.638,200,0.113,0.11,200,matched (3),,,,
SR15,SR15,M,1,23,38.4,16.9,1,0,1,pv,2,6169,6169000,6.79021477,720,720000,5.857332496,6889000,6.838156185,2,23.03,5.990681004,978770.7981,293925.1646,5.46823677,23.46,6.450490633,2821568.728,2329949.404,6.36734649,,,,,,,,,,,,,,,,1,Arba Minch,"Wednesday, 11 March 2020",30,1,3.3,0.51851394,1,1,0.033333333,-1.522878745,80,80,,1,1,1,1,2,0.139,0.138,200,0.137,0.133,200,0.13,0.13,200,0.266,0.284,200,0.526,0.451,200,0.095,0.094,200,matched (3),,,,
SR19,SR-019,M,1,25,37.8,11,1,0,1,pf,1,39,39000,4.591064607,98,98000,4.991226076,137000,5.136720567,1,,,,,,,,,,,24.31,8704000,8704,5221.355729,5221355.729,1044.271146,1044271.146,24.91,1173000,703659.2681,50261.3763,26.56,2570000,1541691.662,81141.6664,1,Arba Minch,"Friday, 8 January 2021",17,1,5.882352941,0.769551079,5,5,0.294117647,-0.531478917,32,33.33333333,6.717783451,1,1,,1,,1.162,1.581,200,0.694,0.702,200,0.32,0.408,200,0.738,0.686,200,1.818,1.753,200,0.315,0.322,200,matched (3),,,,
SR20,SR-020,M,1,8,36.4,12.6,0,0,1,pfpv,3,15098.03922,15098039.22,7.178920549,0,0,,15098039.22,7.178920549,2,23.53,5.811469534,647842.6472,388627.8628,5.589533934,17.87,8.112696997,129627455.7,56765472.48,7.754084257,,,,,,,,,,,,,,,,1,Arba Minch,"Friday, 8 January 2021",31,29,93.5483871,1.971036304,1850,63.79310345,59.67741935,1.775810035,43,43,,1,1,1,0,2,0.29,0.196,200,0.151,0.119,200,0.321,0.325,200,0.806,0.778,200,0.675,0.685,200,0.431,0.462,200,matched (3),,,,
SR21,SR-021,F,0,25,38.5,13.8,1,0,1,pv,2,,,,,,,,,2,22.81,6.06953405,1173637.696,704041.8093,5.84759845,17.65,8.178114778,150700529.6,65993633.23,7.819502039,,,,,,,,,,,,,,,,1,Arba Minch,"Saturday, 9 January 2021",25,18,72,1.857332496,580,32.22222222,23.2,1.365487985,29,43.28358209,,1,1,1,,2,0.626,0.557,200,0.681,0.627,200,0.188,0.194,200,0.34,0.313,200,0.459,0.445,200,0.248,0.22,200,matched (3),,,,
SR22,SR-022,F,0,26,37.7,12.2,1,0,1,pv,2,5240,5240000,6.719331287,0,0,,5240000,6.719331287,2,22.09,6.327598566,2126172.841,1275448.615,6.105662966,17.94,8.091882248,123561237.1,54109000.07,7.733269508,,,,,,,,,,,,,,,,1,Arba Minch,"Friday, 15 January 2021",27,9,33.33333333,1.522878745,227,25.22222222,8.407407407,0.924662093,64,49.23076923,,1,1,1,0,2,0.26,0.246,200,0.263,0.241,200,0.113,0.152,200,0.34,0.38,200,0.347,0.348,200,0.142,0.15,200,matched (3),,,,
SR23,SR-023,F,0,18,36.9,12.2,0,0,1,pv,2,1436,1436000,6.15715444,0,0,,1436000,6.15715444,2,23.42,5.850896057,709407.9602,425559.6642,5.628960458,15.96,8.680642284,479338468.2,209908267.4,8.322029544,,,,,,,,,,,,,,,,1,Arba Minch,"Thursday, 4 February 2021",30,16,53.33333333,1.726998728,486,30.375,16.2,1.209515015,88,88,,1,1,1,0,2,0.651,0.696,200,0.618,0.582,200,0.188,0.214,200,0.521,0.535,200,0.485,0.493,200,0.291,0.292,200,matched (3),,,,
SR24,SR-024,F,0,13,37.1,12.4,0,0,1,pfpv,3,582,582000,5.764922985,0,0,,582000,5.764922985,2,25.67,5.044444444,110775.6851,66452.12061,4.822508845,18.01,8.071067499,117778901.5,51576843.47,7.71245476,,,,,,,,,,,,,,,,1,Arba Minch,"Friday, 5 February 2021",31,20,64.51612903,1.809668302,274,13.7,8.838709677,0.946388869,53,47.32142857,,1,1,1,0,2,0.563,0.575,200,0.421,0.538,200,0.207,0.164,200,0.208,0.219,200,0.238,0.27,200,0.138,0.141,200,matched (3),,,,
SR25,SR-025,M,1,14,38.8,13.4,1,0,1,pv,2,,,,,,,,,2,24.58,5.435125448,272348.7887,163376.5979,5.213189848,15.55,8.802557241,634683547.6,277935806.7,8.443944501,,,,,,,,,,,,,,,,0,Arba Minch,"Friday, 5 February 2021",32,0,0,,0,0,0,,47,41.22807018,,1,1,1,,2,0.342,0.34,200,0.118,0.136,200,0.074,0.111,200,0.185,0.188,200,0.125,0.123,200,0.082,0.081,200,matched (3),,,,
SR26,SR-026,M,1,14,38.6,,1,0,1,pfpv,3,13517,13517000,7.130880314,0,0,,13517000,7.130880314,2,22.27,6.263082437,1832662.263,1099377.482,6.041146837,16.01,8.665774606,463206458.4,202843860,8.307161866,,,,,,,,,,,,,,,,0,Arba Minch,"Tuesday, 9 February 2021",31,0,0,,0,0,0,,68,67.32673267,,1,1,1,0,2,0.325,0.343,200,0.351,0.347,200,0.152,0.151,200,0.216,0.255,200,0.469,0.513,200,0.153,0.155,200,matched (3),,,,
SR27,SR-027,F,0,26,37.9,10.2,1,0,1,pv,2,520,520000,5.716003344,0,0,,520000,5.716003344,2,23.49,5.825806452,669586.1341,401671.3462,5.603870852,17.78,8.139458817,137866521,60373461.51,7.780846077,,,,,,,,,,,,,,,,1,Arba Minch,"Wednesday, 10 February 2021",31,3,9.677419355,0.985759561,5,1.666666667,0.161290323,-0.792391689,66,71.73913043,,1,1,1,0,2,0.305,0.312,200,0.611,0.578,200,0.306,0.276,200,0.67,0.484,200,0.613,0.531,200,0.297,0.253,200,matched (3),,,,
SR28,SR-028,M,1,28,35.6,16.1,0,0,1,neg,0,0,0,,0,0,,0,,0,,,,,,,,,,,,,,,,,,,,,,,,,,0,Arba Minch,"Wednesday, 10 February 2021",30,0,0,,0,0,0,,78,76.47058824,,0,0,,0,,0.257,0.259,200,0.252,0.247,200,0.141,0.158,200,0.162,0.15,200,0.184,0.186,200,0.134,0.134,200,matched (3),,,,
SR29,SR-029,M,1,21,38.5,13.7,1,0,1,pf,1,9126,9126000,6.960280464,0,0,,9126000,6.960280464,1,,,,,,,,,,,24.1,9942000,9942,5964.007199,5964007.199,1192.80144,1192801.44,38.29,98.85,59.29814037,4.235581455,35.35,12860,7714.457109,406.0240583,0,Arba Minch,"Thursday, 11 February 2021",31,0,0,,0,0,0,,60,59.40594059,6.775537968,1,1,,0,,0.407,0.368,200,0.311,0.298,200,0.142,0.13,200,0.796,0.786,200,0.272,0.248,200,0.173,0.156,200,matched (3),,,,
SR30,SR-030,F,0,25,39.1,12.7,1,0,1,pfpv,3,6400,6400000,6.806179974,0,0,,6400000,6.806179974,2,24.13,5.596415771,394835.1155,236853.6986,5.374480171,16.66,8.472494796,296821117.8,129981653.3,8.113882057,,,,,,,,,,,,,,,,1,Arba Minch,"Friday, 12 February 2021",31,11,35.48387097,1.550030991,33,3,1.064516129,0.027152246,65,68.42105263,,1,1,1,0,2,0.214,0.216,200,0.162,0.183,200,0.16,0.17,200,0.214,0.217,200,0.224,0.22,200,0.107,0.106,200,matched (3),,,,
SR31,SR-031,F,0,17,39.1,15.3,1,0,1,neg,0,0,0,,0,0,,0,,0,,,,,,,,,,,,,,,,,,,,,,,,,,0,Arba Minch,"Saturday, 13 February 2021",32,0,0,,0,0,0,,81,75,,0,0,,0,,0.182,0.168,200,0.124,0.126,200,0.082,0.104,200,0.215,0.208,200,0.159,0.16,200,0.069,0.067,200,matched (3),,,,
SR32,SR-032,M,1,16,35.1,13.4,0,0,1,pfpv,3,4419,4419000,6.645324002,0,0,,4419000,6.645324002,2,22.49,6.184229391,1528373.119,916840.5032,5.962293791,14.81,9.02259887,1053413476,461302842.1,8.66398613,,,,,,,,,,,,,,,,1,Arba Minch,"Saturday, 13 February 2021",31,1,3.225806452,0.508638306,1,1,0.032258065,-1.491361694,72,65.45454545,,1,1,1,0,2,0.289,0.295,200,0.171,0.186,200,0.177,0.203,200,0.408,0.385,200,0.251,0.271,200,0.151,0.162,200,matched (3),,,,
SR33,SR-033,F,0,11,40,12,1,0,1,pfpv,3,4705,4705000,6.672559628,196,196000,5.292256071,4901000,6.690284703,2,22.15,6.30609319,2023453.32,1213829.226,6.08415759,16.02,8.66280107,460045800.3,201459768.6,8.304188331,,,,,,,,,,,,,,,,1,Arba Minch,"Monday, 15 February 2021",31,13,41.93548387,1.622581658,223,17.15384615,7.193548387,0.856943169,73,68.86792453,,1,1,1,1,2,0.388,0.399,200,0.575,0.682,200,0.262,0.259,200,0.233,0.207,200,0.263,0.246,200,0.1,0.097,200,matched (3),,,,
SR34,SR-034,M,1,13,37,7.2,0,0,1,pv,2,6439,6439000,6.808818425,0,0,,6439000,6.808818425,2,23.32,5.886738351,770439.1639,462171.0641,5.664802751,16.17,8.618198037,415143304,181796407.9,8.259585298,,,,,,,,,,,,,,,,1,Arba Minch,"Monday, 15 February 2021",34,11,32.35294118,1.509913768,126,11.45454545,3.705882353,0.568891628,87,77.67857143,,1,1,1,0,2,0.957,0.952,200,1.779,1.409,200,0.329,0.319,200,0.767,0.807,200,0.793,0.768,200,0.322,0.325,200,matched (3),,,,
SR35,SR-035,M,1,18,38.7,16.1,1,0,1,pfpv,3,1333,1333000,6.124830149,0,0,,1333000,6.124830149,2,23.28,5.901075269,796297.347,477682.8716,5.679139669,17.78,8.139458817,137866521,60373461.51,7.780846077,,,,,,,,,,,,,,,,1,Arba Minch,"Saturday, 20 February 2021",32,15,46.875,1.670941281,70,4.666666667,2.1875,0.339948062,52,59.09090909,,1,1,1,0,2,0.8,0.71,200,0.582,0.551,200,0.334,0.317,200,0.331,0.33,200,0.29,0.303,200,0.201,0.197,200,matched (3),,,,
SR36,SR-036,F,0,25,38.9,12.9,1,0,1,pv,2,2080,2080000,6.318063335,0,0,,2080000,6.318063335,2,23.13,5.95483871,901236.3701,540633.6953,5.73290311,17.45,8.237585489,172816613,75678540.77,7.878972749,,,,,,,,,,,,,,,,1,Arba Minch,"Saturday, 20 February 2021",32,8,25,1.397940009,13,1.625,0.40625,-0.391206626,51,61.44578313,,1,1,1,0,2,0.149,0.134,200,0.452,0.407,200,0.238,0.244,200,0.431,0.439,200,0.291,0.276,200,0.162,0.162,200,matched (3),,,,
SR37,SR-037,F,0,35,37.8,13.2,1,0,1,pfpv,3,3582,3582000,6.554125582,0,0,,3582000,6.554125582,2,24.71,5.388530466,244641.6887,146755.6621,5.166594866,18.27,7.993755575,98572455.53,43166102.3,7.635142836,,,,,,,,,,,,,,,,1,Arba Minch,"Wednesday, 3 March 2021",31,22,70.96774194,1.851060987,506,23,16.32258065,1.212788823,54,63.52941176,,1,1,1,0,2,0.209,0.205,200,0.601,0.501,200,0.316,0.321,200,0.169,0.17,200,0.184,0.161,200,0.094,0.093,200,matched (3),,,,
SR38,SR-038,F,0,20,38.3,13.2,1,0,1,pfpv,3,11832,11832000,7.073058161,0,0,,11832000,7.073058161,2,22.19,6.291756272,1957745.671,1174412.52,6.069820673,15.58,8.793636634,621779836,272285111.1,8.435023894,,,,,,,,,,,,,,,,0,Arba Minch,"Friday, 5 March 2021",32,0,0,,0,0,0,,61,54.95495495,,1,1,1,0,2,0.499,0.54,200,0.527,0.539,200,0.713,0.74,200,1.013,1.12,200,0.871,0.807,200,0.601,0.603,200,matched (3),,,,
SR39,SR-039,M,1,20,37,14,0,0,1,pfpv,3,3883,3883000,6.589167391,0,0,,3883000,6.589167391,2,24.35,5.517562724,329278.0067,197527.2985,5.295627124,18.13,8.035385073,108488841.8,47508610.99,7.676772333,,,,,,,,,,,,,,,,1,Arba Minch,"Friday, 5 March 2021",30,16,53.33333333,1.726998728,951,59.4375,31.7,1.501059262,81,66.39344262,,1,1,1,0,2,0.419,0.363,200,0.463,0.365,200,0.241,0.193,200,0.236,0.236,200,0.174,0.178,200,0.122,0.136,200,matched (3),,,,
SR40,SR-040,F,0,23,38.8,13.5,1,0,1,pfpv,3,8156,8156000,6.911477217,0,0,,8156000,6.911477217,2,22.82,6.065949821,1163991.532,698255.2681,5.844014221,15.92,8.692536426,492647661.7,215736528.5,8.333923686,,,,,,,,,,,,,,,,0,Arba Minch,"Wednesday, 10 March 2021",31,0,0,,0,0,0,,49,52.68817204,,1,1,1,0,2,0.423,0.421,200,0.473,0.508,200,0.204,0.22,200,1.047,1.078,200,0.491,0.523,200,0.21,0.206,200,matched (3),,,,
SR41,SR-041,M,1,17,38.3,12.5,1,0,1,pfpv,3,15578,15578000,7.1925117,0,0,,15578000,7.1925117,2,22.9,6.037275986,1089622.307,653642.6557,5.815340386,14.04,9.251561106,1784683080,781534881.9,8.892948366,,,,,,,,,,,,,,,,1,Arba Minch,"Wednesday, 31 March 2021",26,7,26.92307692,1.430124692,9,1.285714286,0.346153846,-0.460730839,53,65.43209877,,1,1,1,0,2,0.276,0.278,200,0.222,0.337,200,0.297,0.307,200,0.438,0.383,200,0.865,0.795,200,0.282,0.305,200,matched (3),,,,
SR42,SR-042,M,1,13,36.9,10.2,0,0,1,pfpv,3,1722,1722000,6.236033147,0,0,,1722000,6.236033147,2,28.35,4.083870968,12130.28397,7276.715038,3.861935368,20,7.479333928,30153236.09,13204476.51,7.120721188,,,,,,,,,,,,,,,,0,Arba Minch,"Thursday, 1 April 2021",31,0,0,,0,0,0,,52,64.19753086,,1,1,1,0,2,0.54,0.469,200,0.256,0.249,200,0.152,0.143,200,0.286,0.272,200,0.369,0.314,200,0.155,0.146,200,matched (3),,,,
SR43,SR-043,F,0,20,38,12.2,1,0,1,pf,1,355,355000,5.550228353,0,0,,355000,5.550228353,1,,,,,,,,,,,26.05,2962000,2962,1776.844631,1776844.631,355.3689262,355368.9262,26.35,428400,256988.6023,18356.32873,27.32,1620000,971805.6389,51147.6652,1,Arba Minch,"Monday, 5 April 2021",32,1,3.125,0.494850022,1,1,0.03125,-1.505149978,68,67.32673267,6.249649525,1,1,,0,,1.043,0.862,200,0.443,0.441,200,0.28,0.236,200,0.33,0.308,200,0.497,0.369,200,0.205,0.186,200,matched (3),,,,
SR44,SR-044,F,0,16,41,,1,0,1,pv,2,,,,,,,,,2,27.25,4.478136201,30070.19197,18038.50748,4.256200601,18.72,7.859946476,72434668.41,31720040.76,7.501333737,,,,,,,,,,,,,,,,0,Arba Minch,"Monday, 5 April 2021",30,0,0,,0,0,0,,45,50,,1,1,1,,2,0.468,0.511,200,0.29,0.284,200,0.24,0.201,200,0.366,0.332,200,0.243,0.185,200,0.167,0.15,200,matched (3),,,,
SR45,SR-045,M,1,8,37,13.5,0,0,1,pfpv,3,2384,2384000,6.377306251,0,0,,2384000,6.377306251,2,26.85,4.621505376,41831.68672,25093.99323,4.399569777,18.85,7.821290514,66265963.11,29018688.11,7.462677775,,,,,,,,,,,,,,,,1,Arba Minch,"Wednesday, 7 April 2021",31,7,22.58064516,1.353736346,14,2,0.451612903,-0.345233658,44,43.56435644,,1,1,1,0,2,0.162,0.171,200,0.201,0.184,200,0.224,0.141,200,0.569,0.663,200,0.159,0.152,200,0.092,0.092,200,matched (3),,,,
SR46,SR-046,F,0,30,37,15.5,0,0,1,pfpv,3,1224,1224000,6.087781418,0,0,,1224000,6.087781418,2,27.58,4.359856631,22901.11517,13737.92152,4.137921031,19.69,7.57151353,37283229.96,16326789.37,7.21290079,,,,,,,,,,,,,,,,1,Arba Minch,"Thursday, 8 April 2021",31,17,54.83870968,1.739087228,351,20.64705882,11.32258065,1.053945423,44,50.57471264,,1,1,1,0,2,0.299,0.349,200,0.276,0.286,200,0.195,0.118,200,0.179,0.218,200,0.14,0.139,200,0.084,0.079,200,matched (3),,,,
SR47,SR-047,M,1,18,38.8,15.4,1,0,1,pfpv,3,4784,4784000,6.679791171,0,0,,4784000,6.679791171,2,25.68,5.040860215,109865.2163,65905.94859,4.818924615,17.04,8.359500446,228823406.2,100204611,8.000887706,,,,,,,,,,,,,,,,1,Arba Minch,"Thursday, 8 April 2021",31,2,6.451612903,0.809668302,3,1.5,0.096774194,-1.014240439,55,50,,1,1,1,0,2,0.351,0.361,200,0.496,0.475,200,0.573,0.63,200,0.789,0.828,200,0.717,0.686,200,0.446,0.419,200,matched (3),,,,
SR48,SR-048,M,1,30,35.8,16.3,0,0,1,pv,2,1377,1377000,6.13893394,0,0,,1377000,6.13893394,2,28.45,4.048028674,11169.3699,6700.281883,3.826093074,20.68,7.277133512,18929254.56,8289355.628,6.918520772,,,,,,,,,,,,,,,,1,Arba Minch,"Saturday, 10 April 2021",33,19,57.57575758,1.760239661,252,13.26315789,7.636363636,0.882886601,45,58.44155844,,1,1,1,0,2,0.298,0.288,200,0.132,0.134,200,0.088,0.073,200,0.116,0.117,200,0.109,0.106,200,0.072,0.069,200,matched (3),,,,
SR49,SR-049,M,1,61,38.5,16.5,1,0,1,pfpv,3,6174,6174000,6.790566625,0,0,,6174000,6.790566625,2,26.4,4.782795699,60645.09754,36379.78257,4.560860099,17.95,8.088908712,122718125.4,53739790.96,7.730295973,,,,,,,,,,,,,,,,1,Arba Minch,"Tuesday, 13 April 2021",32,13,40.625,1.608793374,267,20.53846154,8.34375,0.921361283,55,68.75,,1,1,1,0,2,0.593,0.591,200,0.257,0.256,200,0.087,0.095,200,0.415,0.425,200,0.147,0.126,200,0.099,0.094,200,matched (3),,,,
SR50,SR-050,F,0,8,36.6,12.9,0,0,1,pv,2,2038,2038000,6.30920418,0,0,,2038000,6.30920418,2,28.49,4.033691756,10806.66668,6482.703466,3.811756156,21.44,7.051144811,11249800.25,4926427.223,6.692532071,,,,,,,,,,,,,,,,1,Arba Minch,"Thursday, 15 April 2021",34,16,47.05882353,1.672641066,54,3.375,1.588235294,0.200914843,75,62.5,,1,1,1,0,2,0.177,0.169,200,0.132,0.164,200,0.079,0.101,200,0.132,0.13,200,0.116,0.135,200,0.063,0.066,200,matched (3),,,,
SR51,SR-051,M,1,20,39.3,14.1,1,0,1,pv,2,3314,3314000,6.520352504,0,0,,3314000,6.520352504,2,22.77,6.083870968,1213028.397,727671.5038,5.861935368,16.97,8.380315195,240057453.5,105124139.8,8.021702455,,,,,,,,,,,,,,,,1,Arba Minch,"Tuesday, 10 November 2020",30,14,46.66666667,1.669006781,59,4.214285714,1.966666667,0.293730757,70,70,,1,1,1,0,2,1.841,1.875,200,0.494,0.498,200,0.416,0.455,200,0.411,0.447,200,0.704,0.691,200,0.159,0.166,200,matched (3),,,,
SR52,SR-052,F,0,30,38.8,11.6,1,0,1,pfpv,3,6226,6226000,6.794209116,0,0,,6226000,6.794209116,2,26.83,4.628673835,42527.88992,25511.63163,4.406738235,20.06,7.461492715,28939612.71,12673015.77,7.102879975,,,,,,,,,,,,,,,,1,Arba Minch,"Wednesday, 11 November 2020",32,24,75,1.875061263,166,6.916666667,5.1875,0.71495811,73,73,,1,1,1,0,2,0.307,0.332,200,0.289,0.289,200,0.192,0.216,200,0.21,0.228,200,0.204,0.214,200,0.166,0.159,200,matched (3),,,,
SR53,SR-053,M,1,20,,14.8,,0,1,pv,2,597,597000,5.775974331,0,0,,597000,5.775974331,2,28.28,4.108960573,12851.69983,7709.478003,3.887024974,23.36,6.480225989,3021523.586,1323162.698,6.121613249,,,,,,,,,,,,,,,,0,Arba Minch,"Wednesday, 11 November 2020",32,0,0,,0,0,0,,65,65,,1,1,1,0,2,0.689,0.681,200,0.387,0.398,200,0.242,0.28,200,0.284,0.293,200,0.423,0.417,200,0.145,0.16,200,matched (3),,,,
SR54,SR-054,M,1,8,37.9,11.3,1,0,1,pfpv,3,17600,17600000,7.245512668,240,240000,5.380211242,17840000,7.25139485,2,21.59,6.506810036,3212255.163,1926967.704,6.284874436,16.08,8.644959857,441529634,193351309.4,8.286347118,,,,,,,,,,,,,,,,1,Arba Minch,"Friday, 13 November 2020",32,23,71.875,1.856577858,885,38.47826087,27.65625,1.441793292,78,78,,1,1,1,1,2,0.237,0.24,200,0.181,0.13,200,0.217,0.262,200,0.129,0.164,200,0.14,0.159,200,0.087,0.093,200,matched (3),,,,
SR55,SR-055,M,1,25,35.8,14.8,0,0,1,pf,1,405,405000,5.607455023,0,0,,405000,5.607455023,1,,,,,,,,,,,28.95,488000,488,292.7414517,292741.4517,58.54829034,58548.29034,,,,,,,,,0,Arba Minch,"Monday, 16 November 2020",31,0,0,,0,0,0,,72,72,5.46648407,1,1,,0,,0.308,0.284,200,0.145,0.14,200,0.288,0.196,200,0.292,0.326,200,0.545,0.576,200,0.196,0.176,200,matched (3),,,,
SR56,SR-056,M,1,9,36.4,9.8,0,0,1,pf,1,0,0,,444,444000,5.64738297,444000,5.64738297,1,,,,,,,,,,,28.8,534400,534.4,320.5758848,320575.8848,64.11517696,64115.17696,22.27,7471000,4481703.659,320121.6899,24.89,7014000,4207558.488,221450.4468,1,Arba Minch,"Monday, 16 November 2020",30,3,10,1,8,2.666666667,0.266666667,-0.574031268,76,76,5.505930901,1,1,,1,,1.637,1.779,200,0.982,1.013,200,0.767,0.642,200,1.031,0.964,200,1.477,1.479,200,0.533,0.375,200,matched (3),,,,
SR57,SR-057,M,1,20,36.3,10.9,0,0,1,pv,2,2512,2512000,6.400019635,0,0,,2512000,6.400019635,2,25.73,5.022939068,105423.8975,63241.69018,4.801003468,17.9,8.10377639,126992007.9,55611377.2,7.74516365,,,,,,,,,,,,,,,,1,Arba Minch,"Friday, 20 November 2020",32,14,43.75,1.640978057,179,12.78571429,5.59375,0.747703053,70,70,,1,1,1,0,2,0.855,0.865,200,0.375,0.38,200,0.598,0.578,200,0.612,0.557,200,0.502,0.494,200,0.449,0.414,200,matched (3),,,,
SR58,SR-058,F,0,18,36.8,12.1,0,0,1,pv,2,788,788000,5.896526217,0,0,,788000,5.896526217,2,25.34,5.162724014,145453.4459,87254.61659,4.940788415,18.19,8.01754386,104122325.6,45596459.32,7.65893112,,,,,,,,,,,,,,,,1,Arba Minch,"Monday, 11 January 2021",9,3,33.33333333,1.522878745,47,15.66666667,5.222222222,0.717855348,26,24.29906542,,1,1,1,0,2,0.161,0.169,200,0.201,0.193,200,0.161,0.188,200,0.186,0.212,200,1.662,1.754,200,0.123,0.125,200,matched (3),,,,
SR59,SR-059,F,0,17,35.5,13.5,0,0,1,pv,2,,,,,,,,,2,25.39,5.144802867,139573.4673,83727.33491,4.922867268,15.25,8.891763307,779405213.6,341311221.3,8.533150567,,,,,,,,,,,,,,,,0,Arba Minch,"Friday, 16 April 2021",32,0,0,,0,0,0,,49,62.02531646,,1,1,1,,2,0.544,0.57,200,1.302,1.298,200,0.298,0.204,200,0.434,0.388,200,0.211,0.223,200,0.174,0.18,200,matched (3),,,,
SR60,SR-060,M,1,14,37,13.7,0,0,1,pfpv,3,9773,9773000,6.990027899,0,0,,9773000,6.990027899,2,26.14,4.875985663,75159.80819,45086.86754,4.654050063,20.66,7.283080583,19190247.8,8403647.808,6.924467843,,,,,,,,,,,,,,,,1,Arba Minch,"Tuesday, 20 April 2021",31,5,16.12903226,1.207608311,5,1,0.161290323,-0.792391689,87,82.0754717,,1,1,1,0,2,2.344,2.081,200,0.403,0.318,200,0.9,0.793,200,0.393,0.406,200,0.832,0.836,200,0.729,0.707,200,matched (3),,,,
SR61,SR-061,F,0,24,39.8,10.7,1,0,1,pfpv,3,5573,5573000,6.746089043,0,0,,5573000,6.746089043,2,23.17,5.940501792,871970.4995,523077.6841,5.718566192,15.32,8.870948558,742931132.5,325338768.3,8.512335818,,,,,,,,,,,,,,,,1,Arba Minch,"Wednesday, 21 April 2021",33,18,54.54545455,1.736758565,741,41.16666667,22.45454545,1.351304268,63,64.94845361,,1,1,1,0,2,2.545,2.617,200,1.237,1.174,200,0.668,0.645,200,0.362,0.377,200,0.776,0.762,200,0.719,0.719,200,matched (3),,,,
SR62,SR-062,F,0,20,37.4,11.9,0,0,1,pv,2,3507,3507000,6.544935766,354,354000,5.549003262,3861000,6.586699802,2,23.39,5.861648746,727191.4191,436227.6059,5.639713146,14.78,9.031519477,1075274822,470876196.7,8.672906737,,,,,,,,,,,,,,,,1,Arba Minch,"Monday, 17 May 2021",31,21,67.74193548,1.830857601,633,30.14285714,20.41935484,1.310042016,62,72.94117647,,1,1,1,1,2,0.396,0.404,200,1.067,1.048,200,0.22,0.131,200,0.259,0.268,200,0.116,0.113,200,0.083,0.081,200,matched (3),,,,
SR63,SR-063,M,1,28,37,16,0,0,1,neg,0,0,0,,0,0,,0,,0,,,,,,,,,,,,,,,,,,,,,,,,,,0,Arba Minch,"Monday, 17 May 2021",33,0,0,,0,0,0,,82,82.82828283,,0,0,,0,,0.139,0.154,200,0.1,0.104,200,0.072,0.088,200,0.093,0.086,200,0.064,0.066,200,0.064,0.065,200,matched (3),,,,
SR64,SR-064,M,1,30,36.2,15.6,0,0,1,pf,1,19000,19000000,7.278753601,0,0,,19000000,7.278753601,1,,,,,,,,,,,23.6,13530000,13530,8116.376725,8116376.725,1623.275345,1623275.345,,,,,,,,,0,Arba Minch,"Tuesday, 18 May 2021",32,0,0,,0,0,0,,62,70.45454545,6.909362316,1,1,,0,,0.119,0.112,200,0.102,0.099,200,0.076,0.11,200,0.099,0.093,200,0.067,0.075,200,0.063,0.061,200,matched (3),,,,
SR65,SR-065,F,0,17,39.5,11.5,1,0,1,pv,2,3923,3923000,6.593618308,0,0,,3923000,6.593618308,2,23.6,5.786379928,611476.7214,366812.6703,5.564444328,14.99,8.96907523,931269180.1,407814338,8.610462491,,,,,,,,,,,,,,,,1,Arba Minch,"Wednesday, 19 May 2021",32,5,15.625,1.193820026,9,1.8,0.28125,-0.550907469,59,43.38235294,,1,1,1,0,2,0.642,0.602,200,0.438,0.451,200,0.193,0.18,200,0.394,0.32,200,0.547,0.519,200,0.129,0.136,200,matched (3),,,,
SR66,SR-066,F,0,12,35.9,14.3,0,0,1,pf,1,2758,2758000,6.440594262,0,0,,2758000,6.440594262,1,,,,,,,,,,,22.88,21230000,21230,12735.45291,12735452.91,2547.090582,2547090.582,,,,,37.22,4151,2490.10198,131.0579989,0,Arba Minch,"Wednesday, 19 May 2021",32,0,0,,0,0,0,,91,65.4676259,7.105014324,1,1,,0,,0.253,0.268,200,0.12,0.12,200,0.089,0.086,200,0.114,0.105,200,0.123,0.126,200,0.085,0.091,200,matched (3),,,,
SR67,SR-067,F,0,62,35.7,12,0,0,1,pfpv,3,1153,1153000,6.061829307,0,0,,1153000,6.061829307,2,26.26,4.83297491,68073.00311,40835.63474,4.611039311,20.76,7.253345227,17920298.01,7847521.022,6.894732488,,,,,,,,,,,,,,,,1,Arba Minch,"Saturday, 22 May 2021",30,16,53.33333333,1.726998728,125,7.8125,4.166666667,0.619788758,88,61.97183099,,1,1,1,0,2,0.379,0.383,200,0.243,0.253,200,0.202,0.168,200,0.235,0.236,200,0.155,0.156,200,0.163,0.165,200,matched (3),,,,
SR68,SR-068,F,0,8,39.3,8.6,1,0,1,pv,2,,,,,,,,,2,26.54,4.732616487,54027.70097,32410.13855,4.510680888,18.02,8.068093964,116975245.1,51224912.36,7.709481224,,,,,,,,,,,,,,,,1,Arba Minch,"Saturday, 22 May 2021",32,2,6.25,0.795880017,2,1,0.0625,-1.204119983,104,71.72413793,,1,1,1,,2,0.438,0.503,200,0.213,0.311,200,0.188,0.208,200,0.335,0.363,200,0.21,0.23,200,0.133,0.149,200,matched (3),,,,
SR69,SR-069,M,1,8,37.9,14.7,1,0,1,pfpv,3,8976,8976000,6.953082844,0,0,,8976000,6.953082844,2,25.31,5.173476703,149099.677,89441.91779,4.951541103,18.12,8.038358608,109234194,47835009.95,7.679745869,,,,,,,,,,,,,,,,1,Arba Minch,"Monday, 24 May 2021",30,26,86.66666667,1.937852093,547,21.03846154,18.23333333,1.260866072,76,63.33333333,,1,1,1,0,2,0.198,0.177,200,0.148,0.137,200,0.125,0.139,200,0.152,0.151,200,0.263,0.276,200,0.102,0.112,200,matched (3),,,,
Sero-003-R01,Sero-003,M,1,18,36.1,13.6,0,0,1,pv,2,477,477000,5.678518379,0,0,,477000,5.678518379,2,26.97,4.578494624,37887.38435,11377.5929,4.05605039,31.51,4.056794529,11397.10446,2498.46434,3.397673155,,,,,,,,,,,,,,,,0,Awash,"Monday, 20 July 2020",30,0,0,,0,,0,,,,,1,1,1,0,2,0.23,0.185,200,0.119,0.11,200,0.162,0.169,200,0.415,0.434,200,1.482,1.673,200,0.067,0.095,200,matched (3),,,,
Sero-004-R01,Sero-004,M,1,15,38.5,12.7,1,0,1,pv,2,15520,15520000,7.190891717,0,0,,15520000,7.190891717,2,23.21,5.926164875,843654.9802,253349.8439,5.403720641,15.49,8.820398454,661299895,144969646.7,8.16127708,,,,,,,,,,,,,,,,0,Guraja Furda,"Tuesday, 21 July 2020",30,0,0,,0,,0,,,,,1,1,1,0,2,0.1,0.113,200,0.093,0.103,200,0.102,0.109,200,0.112,0.122,200,0.302,0.43,200,0.087,0.093,200,matched (3),,,,
Sero-005-R01,Sero-005,F,0,12,34.4,14.7,0,0,1,pv,2,7320,7320000,6.864511081,0,0,,7320000,6.864511081,2,30.49,3.316845878,2074.177305,622.8760677,2.794401645,20.82,7.235504014,17199032.39,3770358.451,6.576382641,,,,,,,,,,,,,,,,0,Adama,"Wednesday, 29 July 2020",34,0,0,,0,,0,,,,,1,1,1,0,2,0.115,0.121,200,0.095,0.097,200,0.096,0.091,200,0.184,0.221,200,0.151,0.15,200,0.082,0.071,200,matched (3),,,,
Sero-006-R01,Sero-006,F,0,27,37.8,14,1,0,1,pfpv,3,4179,4179000,6.621072371,0,0,,4179000,6.621072371,2,26.83,4.628673835,42527.88992,12771.13811,4.106229602,20.41,7.357418971,22772933.14,4992264.623,6.698297598,,,,,,,,,,,,,,,,1,Guraja Furda,"Wednesday, 29 July 2020",34,6,17.64705882,1.246672333,12,2,0.352941176,-0.452297671,,,,1,1,1,0,2,0.102,0.116,200,0.108,0.111,200,0.099,0.107,200,0.221,0.217,200,0.182,0.198,200,0.046,0.05,200,matched (3),,,,
Sero-007-R01,Sero-007,M,1,19,34.4,14.9,0,0,1,pfpv,3,6686,6686000,6.825166372,238,238000,5.376576957,6924000,6.840357059,2,24.47,5.474551971,298230.4414,89558.69112,4.952107738,18.18,8.020517395,104837678.4,22982434.01,7.361396022,,,,,,,,,,,,,,,,1,Dibibisa,"Thursday, 30 July 2020",30,17,56.66666667,1.753327667,190,11.17647059,6.333333333,0.801632346,,,,1,1,1,1,2,0.482,0.767,200,0.13,0.205,200,0.158,0.166,200,0.277,0.299,200,0.234,0.23,200,0.116,0.116,200,matched (3),,,,
Sero-008-R01,Sero-008,M,1,31,35.6,14.1,0,0,1,pv,2,480,480000,5.681241237,0,0,,480000,5.681241237,2,27.77,4.291756272,19577.45671,5879.11613,3.769312039,22.54,6.724055902,5297316.267,1161273.536,6.064934529,,,,,,,,,,,,,,,,0,Adama,"Sunday, 8 March 2020",30,0,0,,0,,0,,,,,1,1,1,0,2,0.232,0.223,200,0.101,0.105,200,0.089,0.095,200,0.395,0.4,200,0.143,0.155,200,0.072,0.077,200,matched (3),,,,
Sero-009-R01,Sero-009,F,0,22,35,8.1,0,0,1,pv,2,7529,7529000,6.876737297,313,313000,5.495544338,7842000,6.894426838,2,20.03,7.065949821,11639915.32,3495470.066,6.543505587,14.52,9.108831401,1284787790,281650176.1,8.449710027,,,,,,,,,,,,,,,,1,Addis Ababa,"Wednesday, 8 July 2020",30,20,66.66666667,1.823908741,359,17.95,11.96666667,1.077973194,,,,1,1,1,1,2,0.617,0.611,200,0.53,0.547,200,0.477,0.629,200,0.592,0.856,200,0.916,1.064,200,0.72,0.723,200,matched (3),,,,
Sero-010-R01,Sero-010,M,1,13,37.8,11.2,1,0,1,pv,2,2666,2666000,6.425860145,79,79000,4.897627091,2745000,6.438542349,2,22.45,6.198566308,1579669.774,474375.3075,5.676122075,18.1,8.044305679,110740295.9,24276401.19,7.385184306,,,,,,,,,,,,,,,,0,Hurufa Kurfa,"Tuesday, 8 December 2020",32,0,0,,0,,0,,,,,1,1,1,1,2,1.207,1.002,200,0.288,0.277,200,0.441,0.514,200,0.815,0.88,200,2.512,2.553,200,0.91,0.915,200,matched (3),,,,
Sero-011-R01,Sero-011,M,1,30,37.9,14.8,1,0,1,pv,2,4000,4000000,6.602059991,316,316000,5.499687083,4316000,6.635081436,2,23.37,5.868817204,739294.0387,222010.2218,5.346372971,20.4,7.360392507,22929390.29,5026563.037,6.701271133,,,,,,,,,,,,,,,,1,Adama,"Thursday, 13 August 2020",32,8,25,1.397940009,12,1.5,0.375,-0.425968732,,,,1,1,1,1,2,0.273,0.265,200,0.178,0.171,200,0.155,0.156,200,0.237,0.231,200,1.127,1.21,200,0.11,0.116,200,matched (3),,,,
Sero-012-R01,Sero-012,F,0,18,35.8,12,0,0,1,pv,2,835,835000,5.921686475,79,79000,4.897627091,914000,5.960946196,2,26.09,4.89390681,78326.15542,23521.36799,4.371462577,18.13,8.035385073,108488841.8,23782839.2,7.376263699,,,,,,,,,,,,,,,,0,Adama,"Monday, 24 August 2020",32,0,0,,0,,0,,,,,1,1,1,1,2,0.234,0.247,200,0.454,0.59,200,0.464,0.502,200,0.457,0.42,200,0.313,0.378,200,0.195,0.224,200,matched (3),,,,
Sero-013-R01,Sero-013,M,1,28,38.8,15.7,1,0,1,pfpv,3,13080,13080000,7.116607744,0,0,,13080000,7.116607744,2,21.72,6.460215054,2885459.97,866504.4956,5.93777082,17.15,8.326791555,212222563,46523264.56,7.667670182,,,,,,,,,,,,,,,,1,Adama,"Monday, 24 August 2020",32,19,59.375,1.773603623,130,6.842105263,4.0625,0.608793374,,,,1,1,1,0,2,0.202,0.2,200,0.167,0.167,200,0.148,0.173,200,0.208,0.277,200,0.23,0.281,200,0.113,0.131,200,matched (3),,,,
Sero-014-R01,Sero-014,M,1,50,37,17.6,0,0,1,pv,2,18120,18120000,7.258158193,200,200000,5.301029996,18320000,7.262925469,2,21.32,6.603584229,4014063.416,1205424.449,6.081139996,17.11,8.338685697,218115082.3,47815018.03,7.679564324,,,,,,,,,,,,,,,,1,Adama,"Friday, 18 September 2020",30,15,50,1.698970004,65,4.333333333,2.166666667,0.335792102,,,,1,1,1,1,2,0.148,0.151,200,0.178,0.183,200,0.138,0.162,200,0.109,0.125,200,0.36,0.379,200,0.091,0.105,200,matched (3),,,,
Sero-015-R01,Sero-015,F,0,12,38.9,13,1,0,1,pfpv,3,9154,9154000,6.961610908,0,0,,9154000,6.961610908,2,24.2,5.571326165,372671.4858,111913.3591,5.048881931,18.87,7.815343443,65364725.75,14329204.14,7.15622207,,,,,,,,,,,,,,,,0,Metehara,"Thursday, 24 September 2020",40,0,0,,0,,0,,,,,1,1,1,0,2,0.774,0.904,200,0.581,0.69,200,0.462,0.479,200,0.823,0.777,200,0.481,0.497,200,0.394,0.414,200,matched (3),,,,
Sero-016-R01,Sero-016,M,1,42,38.2,13.6,1,0,1,pfpv,3,2080,2080000,6.318063335,0,0,,2080000,6.318063335,2,26.28,4.825806452,66958.61341,20107.69171,4.303362218,21.91,6.911388641,8154336.722,1787587.33,6.252267268,,,,,,,,,,,,,,,,1,Metehara,"Friday, 25 September 2020",32,1,3.125,0.494850022,4,4,0.125,-0.903089987,,,,1,1,1,0,2,2.284,2.354,200,2.118,2.181,200,1.369,1.508,200,2072,2122,200,1.222,1.359,200,1.329,1.514,200,matched (3),,,,
Sero-017-R01,Sero-017,F,0,50,35.9,12.3,0,0,1,pv,2,6320,6320000,6.800717078,240,240000,5.380211242,6560000,6.816903839,3,27.5,4.388530466,24464.16887,7346.597259,3.866086232,19.15,7.732084448,53961554.04,11829409.74,7.072963075,39.42,724.6,,,434.6730654,0.086934613,,,,,,,,,,1,Metehara,"Wednesday, 30 September 2020",32,3,9.375,0.971971276,8,2.666666667,0.25,-0.602059991,,,2.638162613,1,1,1,1,,2.288,2.25,200,0.211,0.205,200,0.23,0.252,200,1001,1031,200,0.209,0.243,200,0.096,0.105,200,matched (3),,,,
Sero-019-R01,Sero-019,M,1,43,37.5,14,1,0,1,pv,2,3200,3200000,6.505149978,39,39000,4.591064607,3239000,6.510410948,2,29.15,3.797132616,6268.052372,1882.29801,3.274688383,23.06,6.569432055,3710496.743,813412.1989,5.910310681,,,,,,,,,,,,,,,,1,Hurufa Kurfa,"Wednesday, 30 September 2020",32,3,9.375,0.971971276,5,1.666666667,0.15625,-0.806179974,,,,1,1,1,1,2,0.211,0.203,200,0.207,0.192,200,0.21,0.228,200,0.301,0.314,200,0.27,0.299,200,0.107,0.123,200,matched (3),,,,
Sero-020-R01,Sero-020,F,0,4,33.1,10,0,0,1,pv,2,4356,4356000,6.639087871,79,79000,4.897627091,4435000,6.646893624,,,,,,,,,,,,,,,,,,,,,,,,,,,1,Metehara,"Friday, 10 January 2020",32,5,15.625,1.193820026,1001,200.2,31.28125,1.495284099,,,,,1,,1,2,0.144,0.139,200,0.464,0.45,200,0.54,0.517,200,0.155,0.134,200,0.194,0.207,200,0.086,0.088,200,matched (3),,,,
Sero-021-R01,Sero-021,F,0,,35,13,0,0,1,pv,2,560,560000,5.748188027,0,0,,560000,5.748188027,2,28.73,3.947670251,8864.82672,2662.110126,3.425226017,23.69,6.382099316,2410456.598,528418.4134,5.722977943,,,,,,,,,,,,,,,,0,Hurufa Kurfa,"Wednesday, 30 September 2020",30,0,0,,0,,0,,,,,1,1,1,0,2,0.092,0.088,200,0.149,0.153,200,0.096,0.089,200,0.111,0.097,200,0.232,0.237,200,0.076,0.077,200,matched (3),,,,
Sero-022-R01,Sero-022,M,1,54,37.1,14.6,0,0,1,pv,2,5083,5083000,6.70612011,236,236000,5.372912003,5319000,6.72582999,2,22.4,6.216487455,1646218.414,494359.884,5.694043222,14.83,9.016651799,1039086731,227787781.9,8.357530426,,,,,,,,,,,,,,,,1,Adama,"Sunday, 10 May 2020",36,31,86.11111111,1.935059193,4626,149.2258065,128.5,2.108903128,,,,1,1,1,1,2,0.632,0.632,200,1.454,1.409,200,1.391,1.402,200,0.379,0.422,200,0.338,0.371,200,0.222,0.23,200,matched (3),,,,
Sero-023-R01,Sero-023,M,1,20,37.1,11.6,0,0,1,pfpv,3,12970,12970000,7.112939976,0,0,,12970000,7.112939976,2,23.21,5.926164875,843654.9802,253349.8439,5.403720641,19.34,7.675587273,47379150.9,10386420.47,7.0164659,,,,,,,,,,,,,,,,0,Metehara,"Tuesday, 6 October 2020",31,0,0,,0,,0,,,,,1,1,1,0,2,0.231,0.23,200,0.396,0.415,200,0.173,0.175,200,0.19,0.163,200,0.438,0.469,200,0.146,0.147,200,matched (3),,,,
Sero-024-R01,Sero-024,M,1,19,36.5,18,0,0,1,pv,2,472,472000,5.673941999,0,0,,472000,5.673941999,1,,,,,,,,,,,24.54,7560000,,,4535092.981,907.0185963,,,,,,35.6,,,,0,Metehara,"Wednesday, 7 October 2020",32,0,0,,0,,0,,,,6.65658617,1,1,,0,,0.22,0.193,200,0.152,0.148,200,0.192,0.193,200,0.207,0.222,200,0.298,0.327,200,0.142,0.146,200,matched (3),,,,
Sero-025-R01,Sero-025,M,1,22,36.7,13,0,0,1,pv,2,3019,3019000,6.479863113,1176,1176000,6.070407322,4195000,6.622731965,2,31.41,2.987096774,970.7262509,291.5093846,2.464652541,22.08,6.860838537,7258360.543,1591172.131,6.201717164,,,,,,,,,,,,,,,,1,Metehara,"Wednesday, 7 October 2020",31,16,51.61290323,1.712758289,450,28.125,14.51612903,1.16185082,,,,1,1,1,1,2,0.21,0.198,200,0.181,0.177,200,0.204,0.197,200,0.585,0.653,200,0.308,0.311,200,0.193,0.17,200,matched (3),,,,
Sero-026-R01,Sero-026,M,1,15,35,12,0,0,1,pfpv,3,11303,11303000,7.053193728,318,318000,5.50242712,11621000,7.065243501,1,,,,,,,,,,,25.26,4819000,,,2890821.836,578.1643671,,,,,,38.5,,,,0,Metehara,"Thursday, 8 October 2020",32,0,0,,0,,0,,,,6.461021423,1,1,,1,,0.408,0.411,200,0.124,0.128,200,0.437,0.419,200,0.475,0.432,200,1.113,1.118,200,0.264,0.266,200,matched (3),,,,
Sero-027-R01,Sero-027,M,1,19,37.8,20.3,1,0,1,pv,2,3863,3863000,6.586924708,0,0,,3863000,6.586924708,2,27.91,4.241577061,17441.22806,5237.606024,3.719132827,26.05,5.68034493,479010.3862,105008.2829,5.021223557,,,,,,,,,,,,,,,,1,Metehara,"Thursday, 8 October 2020",34,1,2.941176471,0.468521083,1,1,0.029411765,-1.531478917,,,,1,1,1,0,2,0.38,0.363,200,0.22,0.237,200,0.178,0.167,200,0.18,0.174,200,0.914,0.907,200,0.212,0.195,200,matched (3),,,,
Sero-028-R01,Sero-028,F,0,22,39,13.5,1,0,1,pv,2,11360,11360000,7.055378331,120,120000,5.079181246,11480000,7.059941888,2,22.06,6.338351254,2179471.802,654496.0366,5.815907021,17.32,8.276241451,188904129.2,41411415.71,7.617120078,,,,,,,,,,,,,,,,0,Adama,"Thursday, 8 October 2020",30,0,0,,0,,0,,,,,1,1,1,1,2,0.352,0.355,200,0.161,0.157,200,0.22,0.206,200,0.161,0.175,200,0.221,0.203,200,0.118,0.13,200,matched (3),,,,
Sero-029-R01,Sero-029,M,1,30,36.5,15.8,0,0,1,pv,2,4520,4520000,6.655138435,0,0,,4520000,6.655138435,2,23.55,5.804301075,637237.1334,191362.5025,5.281856842,18.69,7.868867083,73937895.14,16208607.64,7.20974571,,,,,,,,,,,,,,,,1,Adama,"Wednesday, 30 September 2020",31,20,64.51612903,1.809668302,35,1.75,1.129032258,0.052706351,,,,1,1,1,0,2,0.072,0.07,200,0.157,0.152,200,0.81,0.838,200,0.106,0.095,200,0.366,0.32,200,0.07,0.082,200,matched (3),,,,
Sero-030-R01,Sero-030,M,1,36,36.1,17,0,0,1,pv,2,4200,4200000,6.62324929,0,0,,4200000,6.62324929,2,28.16,4.151971326,14189.63833,4261.152652,3.629527093,32.52,3.75646744,5707.782818,1251.255693,3.097346066,,,,,,,,,,,,,,,,1,Metehara,"Thursday, 8 October 2020",30,17,56.66666667,1.753327667,105,6.176470588,3.5,0.544068044,,,,1,1,1,0,2,0.176,0.18,200,0.083,0.084,200,0.099,0.096,200,0.103,0.099,200,0.172,0.158,200,2.667,0.091,200,matched (3),,,,
Sero-031-R01,Sero-031,F,0,30,34.6,16.3,0,0,1,pv,2,2563,2563000,6.408748606,233,233000,5.367355921,2796000,6.446537167,2,29.57,3.646594982,4431.951326,1330.916314,3.124150749,22.41,6.762711864,5790443.981,1269376.608,6.103590491,,,,,,,,,,,,,,,,1,Metehara,"Thursday, 8 October 2020",32,10,31.25,1.494850022,41,4.1,1.28125,0.107633878,,,,1,1,1,1,2,0.087,0.099,200,0.098,0.094,200,0.096,0.09,200,0.091,0.099,200,0.457,0.332,200,0.069,0.068,200,matched (3),,,,
Sero-032-R01,Sero-032,M,1,34,34.4,20.3,0,0,1,pv,2,31,31000,4.491361694,0,0,,31000,4.491361694,2,30.75,3.223655914,1673.616366,502.5874972,2.70121168,22.95,6.602140946,4000745.686,877040.3455,5.943019572,,,,,,,,,,,,,,,,1,Metehara,"Friday, 9 October 2020",33,24,72.72727273,1.861697302,150,6.25,4.545454545,0.657577319,,,,1,1,1,0,2,0.324,0.267,200,0.485,0.521,200,0.541,0.565,200,0.339,0.376,200,0.388,0.349,200,0.12,0.136,200,matched (3),,,,
Sero-033-R01,Sero-033,M,1,35,37.3,16,0,0,1,pv,2,6368,6368000,6.804003055,0,0,,6368000,6.804003055,2,23.93,5.668100358,465693.6954,139847.9566,5.145656125,20.14,7.437704431,27397089.63,6005968.598,6.778583057,,,,,,,,,,,,,,,,1,Metehara,"Monday, 12 October 2020",32,13,40.625,1.608793374,40,3.076923077,1.25,0.096910013,,,,1,1,1,0,2,0.252,0.253,200,0.13,0.125,200,0.394,0.441,200,0.34,0.29,200,0.58,0.626,200,0.283,0.333,200,matched (3),,,,
Sero-034-R01,Sero-034,F,0,13,36.9,9.3,0,0,1,pv,2,4752,4752000,6.676876432,0,0,,4752000,6.676876432,2,23.93,5.668100358,465693.6954,139847.9566,5.145656125,16.63,8.481415403,302981005.8,66419259.52,7.82229403,,,,,,,,,,,,,,,,1,Metehara,"Monday, 12 October 2020",30,17,56.66666667,1.753327667,766,45.05882353,25.53333333,1.407107515,,,,1,1,1,0,2,2.451,2.451,200,0.888,0.872,200,0.665,0.665,200,0.894,0.782,200,0.819,0.733,200,0.674,0.691,200,matched (3),,,,
Sero-038-R01,Sero-038,M,1,5,38.1,11,1,0,1,pfpv,3,37798,37798000,7.577468821,2128,2128000,6.327971624,39926000,7.601255802,2,19.62,7.212903226,16326880.94,4902967.25,6.690458992,15.95,8.683615819,482631672.8,105802138.5,8.024494446,,,,,,,,,,,,,,,,1,Metehara,"Tuesday, 13 October 2020",30,2,6.666666667,0.823908741,2,1,0.066666667,-1.176091259,,,,1,1,1,1,2,0.077,0.076,200,0.099,0.097,200,0.114,0.127,200,0.288,0.273,200,0.306,0.314,200,0.123,0.119,200,matched (3),,,,
Sero-039-R01,Sero-039,M,1,32,35.4,14,0,0,1,pfpv,3,39762,39762000,7.599468221,792,792000,5.898725182,40554000,7.608033697,2,21.69,6.470967742,2957792.763,888226.0548,5.948523508,17.07,8.350579839,224171211.8,49142638.02,7.691458466,,,,,,,,,,,,,,,,1,Metehara,"Wednesday, 14 October 2020",30,21,70,1.84509804,817,38.9047619,27.23333333,1.435100802,,,,1,1,1,1,2,0.139,0.133,200,0.264,0.285,200,0.15,0.153,200,0.165,0.173,200,0.229,0.243,200,0.075,0.077,200,matched (3),,,,
Sero-040-R01,Sero-040,M,1,29,36.4,13,0,0,1,pv,2,2574,2574000,6.410608543,198,198000,5.29666519,2772000,6.442793226,2,23.78,5.721863799,527064.5408,158277.6399,5.199419566,19.04,7.764793339,58182628.76,12754750.45,7.105671966,,,,,,,,,,,,,,,,0,Metehara,"Wednesday, 14 October 2020",30,0,0,,0,,0,,,,,1,1,1,1,2,0.106,0.105,200,0.094,0.088,200,0.09,0.091,200,0.123,0.122,200,0.136,0.136,200,0.071,0.072,200,matched (3),,,,
Sero-041-R11,Sero-041,M,1,13,38.7,13.8,1,0,1,pfpv,3,,,,,,,,,,,,,,,,,,,,,,,,,,,,,,,,,,,0,Arba Minch,"Tuesday, 5 October 2021",30,0,0,,0,0,0,,48,60,,,1,,,,,,,,,,,,,,,,,,,,,,master only (1),,,,
Sero-041-R14,Sero-041,M,1,13,38.1,13.4,1,0,1,pv,2,11783,11783000,7.071255878,0,,,11783000,7.071255878,,,,,,,,,,,,,,,,,,,,,,,,,,,1,Arba Minch,"Tuesday, 21 December 2021",30,3,10,1,14,4.666666667,0.466666667,-0.330993219,64,79,,,1,,,2,,,,,,,,,,,,,,,,,,,master only (1),,,,
Sero-046-R01,Sero-046,F,0,13,36.1,12.8,0,0,1,pfpv,3,14243,14243000,7.153601474,0,0,,14243000,7.153601474,2,23.16,5.944086022,879196.6437,264023.0161,5.421641788,16.12,8.633065715,429601426.9,94176889.37,7.973944342,,,,,,,,,,,,,,,,1,Dengore Furda,"Thursday, 15 October 2020",30,9,30,1.477121255,104,11.55555556,3.466666667,0.539912085,,,,1,1,1,0,2,0.196,0.199,200,0.153,0.155,200,0.11,0.106,200,0.367,0.367,200,0.193,0.199,200,0.228,0.082,200,matched (3),,,,
Sero-047-R01,Sero-047,F,0,17,38.1,13.2,1,0,1,pfpv,3,18388,18388000,7.264534495,0,0,,18388000,7.264534495,2,18.71,7.5390681,34599362.78,10390199.03,7.016623867,19.12,7.741005055,55081410.76,12074903.86,7.081883682,,,,,,,,,,,,,,,,0,Metehara,"Thursday, 15 October 2020",30,0,0,,0,,0,,,,,1,1,1,0,2,0.27,0.262,200,0.12,0.118,200,0.094,0.087,200,0.15,0.162,200,0.374,0.395,200,0.062,0.063,200,matched (3),,,,
Sero-048-R10,Sero-048,M,1,15,35.2,12.7,0,0,1,pv,2,4656,4656000,6.668012972,0,,,4656000,6.668012972,,,,,,,,,,,,,,,,,,,,,,,,,,,1,Arba Minch,"Tuesday, 14 September 2021",30,6,20,1.301029996,45,7.5,1.5,0.176091259,63,70,,,1,,,2,,,,,,,,,,,,,,,,,,,master only (1),,,,
Sero-051-R01,Sero-051,M,1,28,33.8,13,0,0,1,pv,2,4560,4560000,6.658964843,0,0,,4560000,6.658964843,2,26.75,4.65734767,45430.51607,13642.79762,4.134903437,21.36,7.074933095,11883191.49,2605023.96,6.415811722,,,,,,,,,,,,,,,,1,Metehara,"Monday, 19 October 2020",32,23,71.875,1.856577858,466,20.26086957,14.5625,1.163235938,,,,1,1,1,0,2,0.428,0.415,200,0.287,0.278,200,0.194,0.206,200,0.236,0.264,200,0.337,0.346,200,0.141,0.143,200,matched (3),,,,
Sero-052-R01,Sero-052,M,1,27,35.1,16.6,0,0,1,pv,2,792,792000,5.898725182,0,0,,792000,5.898725182,2,31.56,2.933333333,857.6958986,257.5663359,2.4108891,25.08,5.968777877,930631.7753,204012.3712,5.309656504,,,,,,,,,,,,,,,,1,Metehara,"Tuesday, 19 October 2021",31,20,64.51612903,1.809668302,101,5.05,3.258064516,0.51295968,,,,1,1,1,0,2,0.493,0.483,200,0.071,0.071,200,0.072,0.072,200,0.335,0.377,200,0.645,0.676,200,0.05,0.052,200,matched (3),,,,
Sero-053-R01,Sero-053,M,1,20,36.9,16.6,0,0,1,pfpv,3,4349,4349000,6.638389408,466,466000,5.668385917,4815000,6.682596291,2,28.16,4.151971326,14189.63833,4261.152652,3.629527093,21.22,7.116562593,13078640.22,2867089.297,6.45744122,,,,,,,,,,,,,,,,1,Metehara,"Tuesday, 20 October 2020",32,27,84.375,1.926213786,1101,40.77777778,34.40625,1.536637341,,,,1,1,1,1,2,0.622,0.627,200,0.146,0.154,200,0.162,0.163,200,0.236,0.273,200,0.395,0.419,200,0.109,0.119,200,matched (3),,,,
Sero-055-R01,Sero-055,F,0,21,37.5,14.5,1,0,1,pv,2,2534,2534000,6.403806611,0,0,,2534000,6.403806611,2,29.13,3.804301075,6372.371334,1913.625025,3.281856842,24.59,6.114481118,1301610.724,285338.0866,5.455359745,,,,,,,,,,,,,,,,1,Metehara,"Tuesday, 20 October 2020",31,13,41.93548387,1.622581658,23,1.769230769,0.741935484,-0.129633858,,,,1,1,1,0,2,0.178,0.162,200,0.114,0.108,200,0.116,0.112,200,0.12,0.169,200,0.174,0.157,200,0.071,0.07,200,matched (3),,,,
Sero-057-R14,Sero-057,M,1,11,39.8,10.8,1,0,1,pfpv,3,,,,,,,,,,,,,,,,,,,,,,,,,,,,,,,,,,,0,Arba Minch,"Friday, 28 January 2022",30,0,0,,0,0,0,,57,75,,,1,,,,,,,,,,,,,,,,,,,,,,master only (1),,,,
Sero-059-R01,Sero-059,M,1,22,35.9,14.9,0,0,1,pv,2,1425,1425000,6.153814864,0,0,,1425000,6.153814864,2,31.93,2.800716846,631.9996618,189.7896882,2.278272612,23.62,6.402914065,2528797.566,554361.028,5.743792691,,,,,,,,,,,,,,,,1,Metehara,"Wednesday, 21 October 2020",30,2,6.666666667,0.823908741,2,1,0.066666667,-1.176091259,,,,1,1,1,0,2,0.166,0.163,200,0.173,0.186,200,0.129,0.133,200,0.514,0.476,200,0.229,0.208,200,0.091,0.08,200,matched (3),,,,
Sero-060-R01,Sero-060,M,1,32,34.2,13.9,0,0,1,pv,2,1186,1186000,6.074084689,114,114000,5.056904851,1300000,6.113943352,2,28.35,4.083870968,12130.28397,3642.727918,3.561426734,19.61,7.595301814,39382366.9,8633371.722,6.93618044,,,,,,,,,,,,,,,,1,Metehara,"Friday, 23 October 2020",32,18,56.25,1.750122527,178,9.888888889,5.5625,0.745270024,,,,1,1,1,1,2,0.454,0.458,200,0.569,0.567,200,0.574,0.504,200,1.646,1.624,200,0.272,0.231,200,0.235,0.205,200,matched (3),,,,
Sero-061-R14,Sero-061,F,0,6,36.8,11.1,0,0,1,pv,2,16600,16600000,7.220108088,800,800000,5.903089987,17400000,7.240549248,,,,,,,,,,,,,,,,,,,,,,,,,,,1,Arba Minch,"Monday, 3 January 2022",30,18,60,1.77815125,4894,271.8888889,163.1333333,2.21254271,72,86.7,,,1,,1,2,,,,,,,,,,,,,,,,,,,master only (1),,,,
Sero-064-R01,Sero-064,F,0,22,35.2,12.4,0,0,1,pfpv,3,1254,1254000,6.098297536,0,0,,1254000,6.098297536,2,26.4,4.782795699,60645.09754,18211.741,4.260351465,20.48,7.336604222,21707220.73,4758639.98,6.677482849,,,,,,,,,,,,,,,,1,Metehara,"Monday, 26 October 2020",30,12,40,1.602059991,122,10.16666667,4.066666667,0.609238576,,,,1,1,1,0,2,0.098,0.102,200,0.126,0.124,200,0.138,0.134,200,0.226,0.206,200,0.513,0.455,200,0.085,0.24,200,matched (3),,,,
Sero-065-R01,Sero-065,M,1,18,37.5,15.2,1,0,1,pfpv,3,5720,5720000,6.757396029,0,0,,5720000,6.757396029,2,28.47,4.040860215,10986.52163,3299.255745,3.518415982,19.91,7.506095748,32069762.81,7030308.363,6.846974374,,,,,,,,,,,,,,,,1,Metehara,"Monday, 26 October 2020",30,11,36.66666667,1.56427143,17,1.545454545,0.566666667,-0.246672333,,,,1,1,1,0,2,0.168,0.157,200,0.195,0.18,200,0.201,0.205,200,0.481,0.457,200,0.309,0.302,200,0.083,0.081,200,matched (3),,,,
Sero-069-R01,Sero-069,F,0,15,38.7,12.6,1,0,1,pfpv,3,24080,24080000,7.381656483,80,80000,4.903089987,24160000,7.38309693,2,23.35,5.875985663,751598.0819,225705.1297,5.35354143,20.2,7.419863217,26294397.1,5764237.202,6.760741844,,,,,,,,,,,,,,,,1,Metehara,"Wednesday, 11 November 2020",32,22,68.75,1.837272703,237,10.77272727,7.40625,0.869598368,,,,1,1,1,1,2,0.36,0.35,200,0.235,0.222,200,0.177,0.175,200,0.904,0.9,200,0.342,0.361,200,0.144,0.15,200,matched (3),,,,
Sero-071-R01,Sero-071,F,0,30,36.2,12.5,0,0,1,pv,2,8398,8398000,6.92417587,0,0,,8398000,6.92417587,2,25.8,4.997849462,99506.0444,29881.69502,4.475405229,24.82,6.046089801,1111961.628,243763.3599,5.386968427,,,,,,,,,,,,,,,,0,Metehara,"Monday, 16 November 2020",,,,,,,,,,,,1,1,1,0,2,0.544,0.528,200,0.308,0.305,200,0.324,0.334,200,0.659,0.663,200,0.456,0.499,200,0.184,0.192,200,matched (3),,,,
Sero-072-R01,Sero-072,M,1,16,35.8,12.2,0,0,1,pv,2,12260,12260000,7.08849047,0,0,,12260000,7.08849047,2,28.51,4.026523297,10629.75604,3192.118932,3.504079064,23.25,6.51293488,3257878.47,714189.5744,5.853813506,,,,,,,,,,,,,,,,1,Metehara,"Thursday, 19 November 2020",30,13,43.33333333,1.636822098,64,4.923076923,2.133333333,0.329058719,,,,1,1,1,0,2,0.439,0.46,200,0.422,0.431,200,0.177,0.199,200,0.239,0.244,200,0.264,0.289,200,0.095,0.104,200,matched (3),,,,
Sero-074-R01,Sero-074,M,1,20,39.4,11.4,1,0,1,pv,2,9920,9920000,6.996511672,0,0,,9920000,6.996511672,2,24.32,5.528315412,337532.3571,101361.0682,5.005871179,19.02,7.77074041,58984840.63,12930610.71,7.111619037,,,,,,,,,,,,,,,,0,Metehara,"Wednesday, 25 November 2020",34,0,0,,0,,0,,,,,1,1,1,0,2,0.44,0.409,200,1.013,0.886,200,0.641,0.65,200,0.639,0.598,200,0.388,0.416,200,0.123,0.139,200,matched (3),,,,
Sero-077-R01,Sero-077,M,1,57,36,16.2,0,0,1,pv,2,240,240000,5.380211242,0,,,240000,5.380211242,2,33.29,2.313261649,205.7129578,61.77566302,1.790817415,31.07,4.187630092,15403.87878,3376.826278,3.528508719,,,,,,,,,,,,,,,,0,Arba Minch,"Saturday, 12 December 2020",29,0,0,,0,,0,,,,,1,1,1,,2,0.305,0.348,200,0.999,1.058,200,0.794,0.786,200,0.35,0.33,200,0.165,0.207,200,0.13,0.121,200,matched (3),,,,
Sero-078-R01,Sero-078,M,1,50,35,15.2,0,0,1,pv,2,16,16000,4.204119983,0,,,16000,4.204119983,2,33.29,2.313261649,205.7129578,61.77566302,1.790817415,26.28,5.611953613,409216.9488,89708.22,4.952832239,,,,,,,,,,,,,,,,1,Arba Minch,"Saturday, 12 December 2020",30,11,36.66666667,1.56427143,32,2.909090909,1.066666667,0.028028724,,,,1,1,1,,2,0.131,0.132,200,0.171,0.183,200,0.161,0.164,200,0.12,0.116,200,0.364,0.391,200,0.192,0.08,200,matched (3),,,,
Sero-079-R01,Sero-079,M,1,53,36.3,13.3,0,0,1,pv,2,80,80000,4.903089987,0,,,80000,4.903089987,2,25.11,5.24516129,175857.6601,52810.10814,4.722717057,20.02,7.473386857,29743142.85,6520268.553,6.814265484,,,,,,,,,,,,,,,,1,Arba Minch,"Tuesday, 15 December 2020",30,22,73.33333333,1.865301426,740,33.63636364,24.66666667,1.392110465,,,,1,1,1,,2,0.598,0.565,200,0.844,0.775,200,0.87,0.785,200,2.473,2.387,200,0.759,0.755,200,0.407,0.468,200,matched (3),,,,
Sero-080-R01,Sero-080,M,1,15,37.7,14.8,1,0,1,pv,2,80,80000,4.903089987,0,,,80000,4.903089987,2,29.39,3.711111111,5141.751828,1544.069618,3.188666878,27,5.397859054,249953.4033,54794.58992,4.738737681,,,,,,,,,,,,,,,,1,Arba Minch,"Tuesday, 15 December 2020",30,5,16.66666667,1.22184875,7,1.4,0.233333333,-0.632023215,,,,1,1,1,,2,0.092,0.088,200,0.078,0.072,200,0.065,0.069,200,0.091,0.091,200,0.111,0.113,200,0.052,0.058,200,matched (3),,,,
Sero-081-R01,Sero-081,F,0,13,37.7,12.5,1,0,1,pv,2,32,32000,4.505149978,0,,,32000,4.505149978,2,26.09,4.89390681,78326.15542,23521.36799,4.371462577,20.12,7.443651502,27774835.9,6088777.839,6.784530128,,,,,,,,,,,,,,,,1,Arba Minch,"Tuesday, 15 December 2020",30,8,26.66666667,1.425968732,15,1.875,0.5,-0.301029996,,,,1,1,1,,2,0.251,0.256,200,0.483,0.528,200,0.303,0.25,200,0.222,0.218,200,0.411,0.432,200,0.171,0.151,200,matched (3),,,,
Sero-082-R01,Sero-082,M,1,18,37.8,14.7,1,0,1,pv,2,320,320000,5.505149978,0,,,320000,5.505149978,2,27.54,4.374193548,23669.74332,7108.031027,3.851749315,25.58,5.8201011,660847.2699,144870.4225,5.160979727,,,,,,,,,,,,,,,,1,Arba Minch,"Tuesday, 15 December 2020",30,24,80,1.903089987,297,12.375,9.9,0.995635195,,,,1,1,1,,2,0.309,0.345,200,0.563,0.632,200,0.455,0.453,200,0.317,0.281,200,0.278,0.262,200,0.109,0.102,200,matched (3),,,,
Sero-083-R01,Sero-083,M,1,16,35.2,12.2,0,0,1,pv,2,1000,1000000,6,0,,,1000000,6,2,25.63,5.058781362,114493.6398,34382.47442,4.536337129,20.52,7.32471008,21120786.2,4630082.26,6.665588707,,,,,,,,,,,,,,,,1,Arba Minch,"Wednesday, 16 December 2020",31,3,9.677419355,0.985759561,5,1.666666667,0.161290323,-0.792391689,,,,1,1,1,,2,0.931,0.871,200,0.684,0.67,200,0.585,0.572,200,1.2,1.179,200,1.137,1.152,200,0.423,0.384,200,matched (3),,,,
Sero-083-R12,Sero-083,M,1,16,36.5,14.9,0,0,1,pv,2,,,,,,,,,,,,,,,,,,,,,,,,,,,,,,,,,,,1,Arba Minch,"Wednesday, 29 September 2021",32,11,34.375,1.536242707,696,63.27272727,21.75,1.337459261,81,87,,,1,,,2,,,,,,,,,,,,,,,,,,,master only (1),,,,
Sero-084-R01,Sero-084,M,1,15,35.3,15,0,0,1,pv,2,,,,,,,,,2,36.09,1.309677419,20.40221967,6.126792695,0.787233186,26.13,5.656556646,453478.442,99411.18998,4.997435272,,,,,,,,,,,,,,,,0,Arba Minch,"Wednesday, 16 December 2020",33,0,0,,0,,0,,,,,1,1,1,,2,0.41,0.39,200,0.459,0.493,200,0.193,0.25,200,0.373,0.327,200,0.408,0.531,200,0.117,0.114,200,matched (3),,,,
Sero-085-R01,Sero-085,M,1,20,40.1,12.9,1,0,1,pv,2,400,400000,5.602059991,0,,,400000,5.602059991,2,26.8,4.639426523,43593.98027,13091.28537,4.11698229,20.13,7.440677966,27585316.18,6047231.474,6.781556593,,,,,,,,,,,,,,,,1,Arba Minch,"Wednesday, 16 December 2020",22,9,40.90909091,1.611819829,298,33.11111111,13.54545455,1.131793583,,,,1,1,1,,2,1.365,1.08,200,0.292,0.307,200,0.192,0.203,200,0.265,0.286,200,0.253,0.234,200,0.127,0.131,200,matched (3),,,,
Sero-086-R01,Sero-086,M,1,7,37.5,7.4,1,0,1,pv,2,20800,20800000,7.318063335,0,,,20800000,7.318063335,2,24.5,5.463799283,290937.219,87368.53422,4.94135505,17.11,8.338685697,218115082.3,47815018.03,7.679564324,,,,,,,,,,,,,,,,1,Arba Minch,"Monday, 21 December 2020",30,25,83.33333333,1.920818754,649,25.96,21.63333333,1.335123442,,,,1,1,1,,2,0.349,0.295,200,0.419,0.4,200,0.342,0.292,200,0.507,0.493,200,0.327,0.31,200,0.12,0.132,200,matched (3),,,,
Sero-087-R01,Sero-087,F,0,14,39.2,12.7,1,0,1,pv,2,360,360000,5.556302501,0,,,360000,5.556302501,2,28.46,4.044444444,11077.56851,3326.597149,3.522000211,24.33,6.191793042,1555224.331,340935.0635,5.532671669,,,,,,,,,,,,,,,,0,Arba Minch,"Monday, 21 December 2020",31,0,0,,0,,0,,,,,1,1,1,,2,1.222,1.237,200,0.934,0.992,200,0.781,0.786,200,0.802,0.87,200,0.556,0.567,200,0.45,0.419,200,matched (3),,,,
Sero-088-R01,Sero-088,F,0,18,39.1,12.1,1,0,1,pv,2,64,64000,4.806179974,0,,,64000,4.806179974,2,29.66,3.614336918,4114.688071,1235.642064,3.091892684,22.9,6.617008623,4140078.952,907584.8753,5.95788725,,,,,,,,,,,,,,,,0,Arba Minch,"Wednesday, 23 December 2020",19,0,0,,0,,0,,,,,1,1,1,,2,0.205,0.191,200,0.188,0.174,200,0.435,0.418,200,0.389,0.418,200,0.386,0.42,200,0.152,0.142,200,matched (3),,,,
Sero-090-R01,Sero-090,M,1,13,39.3,10.6,1,0,1,pv,2,2000,2000000,6.301029996,0,,,2000000,6.301029996,3,20.23,6.994265233,9868820.117,2963609.645,6.471820999,15.83,8.719298246,523960135.3,114862131.8,8.060176872,37.31,2319,,,1391.121776,0.278224355,,,,,,,,,,0,Arba Minch,"Friday, 25 December 2020",14,0,0,,0,,0,,,,3.143365145,1,1,1,,,0.329,0.332,200,0.314,0.309,200,0.33,0.357,200,1.393,1.512,200,0.585,0.665,200,0.218,0.223,200,matched (3),,,,
Sero-091-R01,Sero-091,M,1,18,39.9,11.3,1,0,1,pfpv,3,64,64000,4.806179974,0,,,64000,4.806179974,3,27.47,4.399283154,25077.43735,7530.761967,3.876838921,18.11,8.041332144,109984666.9,24110752.81,7.382210771,20.45,90630000,,,54367126.57,10873.42531,,32.04,,,,34.85,,,,1,Arba Minch,"Saturday, 26 December 2020",30,8,26.66666667,1.425968732,33,4.125,1.1,0.041392685,,,7.735336304,1,1,1,,,0.683,0.717,200,0.337,0.364,200,0.509,0.528,200,0.635,0.697,200,0.864,1.007,200,0.326,0.341,200,matched (3),,,,
Sero-092-R01,Sero-092,M,1,18,35.4,14.3,0,0,1,pv,2,1592,1592000,6.201943063,0,,,1592000,6.201943063,2,23.95,5.6609319,458070.0526,137558.5743,5.138487666,21.13,7.143324413,13909912.97,3049320.26,6.484203039,,,,,,,,,,,,,,,,1,Arba Minch,"Monday, 28 December 2020",30,29,96.66666667,1.985276743,709,24.44827586,23.63333333,1.37352498,,,,1,1,1,,2,0.135,0.136,200,0.158,0.152,200,0.292,0.307,200,0.324,0.307,200,0.475,0.431,200,0.19,0.123,200,matched (3),,,,
Sero-095-R01,Sero-095,M,1,11,36.9,10.3,0,0,1,pv,2,120,120000,5.079181246,0,,,120000,5.079181246,2,20.73,6.815053763,6532114.119,1961595.831,6.29260953,16.1,8.639012786,435524695.9,95475383.79,7.979891413,,,,,,,,,,,,,,,,1,Arba Minch,"Monday, 28 December 2020",30,4,13.33333333,1.124938737,7,1.75,0.233333333,-0.632023215,,,,1,1,1,,2,0.706,0.69,200,0.789,0.72,200,0.369,0.338,200,0.46,0.455,200,0.428,0.433,200,0.274,0.257,200,matched (3),,,,
Sero-095-R15,Sero-095,M,1,11,36.2,13.4,0,0,1,pv,2,4487,4487000,6.65195607,234,234000,5.369215857,4721000,6.674034,,,,,,,,,,,,,,,,,,,,,,,,,,,0,Arba Minch,"Saturday, 8 January 2022",30,0,0,,0,0,0,,56,75.6,,,1,,1,2,,,,,,,,,,,,,,,,,,,master only (1),,,,
Sero-096-R01,Sero-096,F,0,50,36.4,14.4,0,0,1,neg,0,0,0,,0,,,0,,2,36.1,1.30609319,20.2345332,6.076436397,0.783648956,35.1,2.989295272,975.6527479,213.8818336,2.330173899,,,,,,,,,,,,,,,,0,Arba Minch,"Tuesday, 29 December 2020",26,0,0,,0,,0,,,,,1,0,1,,2,0.353,0.355,200,0.122,0.115,200,0.084,0.085,200,0.167,0.172,200,0.248,0.278,200,0.075,0.075,200,matched (3),,,,
Sero-097-R01,Sero-097,M,1,11,38.4,13.3,1,0,1,pv,2,80,80000,4.903089987,0,,,80000,4.903089987,2,27.36,4.438709677,27460.5782,8246.419881,3.916265444,27.05,5.382991377,241541.2874,52950.49243,4.723870003,,,,,,,,,,,,,,,,1,Arba Minch,"Tuesday, 29 December 2020",29,3,10.34482759,1.014723257,9,3,0.310344828,-0.508155488,,,,1,1,1,,2,0.285,0.275,200,0.186,0.173,200,0.242,0.225,200,0.228,0.212,200,0.319,0.299,200,0.135,0.12,200,matched (3),,,,
Sero-098-R01,Sero-098,M,1,10,38.6,12.8,1,0,1,,,,,,,,,,,2,33.31,2.30609319,202.345332,60.76436397,1.783648956,,,,,,,,,,,,,,,,,,,,,0,Arba Minch,"Tuesday, 29 December 2020",30,0,0,,0,,0,,,,,1,,,,2,0.209,0.203,200,0.136,0.138,200,0.099,0.081,200,0.119,0.105,200,0.169,0.144,200,0.066,0.083,200,matched (3),,,,
Sero-100-R01,Sero-100,M,1,5,36.5,12.2,0,0,1,pv,2,,,,,,,,,2,23.21,5.926164875,843654.9802,253349.8439,5.403720641,17.91,8.100802855,126125486.5,27649130.68,7.441681481,,,,,,,,,,,,,,,,1,Arba Minch,"Wednesday, 30 December 2020",39,15,38.46153846,1.585026652,545,36.33333333,13.97435897,1.145331895,,,,1,1,1,,2,0.307,0.296,200,0.197,0.184,200,0.236,0.109,200,0.106,0.108,200,0.236,0.188,200,0.076,0.089,200,matched (3),,,,
Sero-102-R01,Sero-102,M,1,10,36.4,12.2,0,0,1,pv,2,5280,5280000,6.722633923,40,40000,4.602059991,5320000,6.725911632,2,22.62,6.137634409,1372885.786,412278.0138,5.615190175,21.38,7.068986024,11721576.45,2569594.837,6.409864651,,,,,,,,,,,,,,,,1,Arba Minch,"Thursday, 31 December 2020",30,17,56.66666667,1.753327667,231,13.58823529,7.7,0.886490725,,,,1,1,1,1,2,0.549,0.575,200,0.375,0.389,200,0.253,0.248,200,0.227,0.21,200,0.481,0.464,200,0.16,0.167,200,matched (3),,,,
Sero-103-R01,Sero-103,M,1,38,35.4,15.2,0,0,1,pfpv,3,520,520000,5.716003344,0,,,520000,5.716003344,2,31.29,3.030107527,1071.784635,321.8572478,2.507663293,28.05,5.085637823,121797.3455,26700.31899,4.42651645,,,,,,,,,,,,,,,,1,Arba Minch,"Thursday, 31 December 2020",30,19,63.33333333,1.801632346,70,3.684210526,2.333333333,0.367976785,,,,1,1,1,,2,0.5,0.464,200,0.391,0.339,200,0.242,0.276,200,0.367,0.349,200,1.645,1.668,200,0.302,0.221,200,matched (3),,,,
Sero-104-R01,Sero-104,F,0,7,35.1,13.3,0,0,1,pv,2,4080,4080000,6.610660163,0,,,4080000,6.610660163,2,25.16,5.227240143,168748.5864,50675.25116,4.70479591,21.77,6.953018139,8974662.769,1967418.565,6.293896765,,,,,,,,,,,,,,,,0,Arba Minch,"Thursday, 31 December 2020",30,0,0,,0,,0,,,,,1,1,1,,2,0.144,0.135,200,0.138,0.13,200,0.072,0.07,200,0.14,0.145,200,0.11,0.095,200,0.051,0.061,200,matched (3),,,,
Sero-105-R13,Sero-105,M,1,8,36.8,12.3,0,0,1,pv,2,,,,,,,,,,,,,,,,,,,,,,,,,,,,,,,,,,,1,Arba Minch,"Monday, 1 November 2021",31,14,45.16129032,1.654766342,527,37.64285714,17,1.230448921,43,57,,,1,,,2,,,,,,,,,,,,,,,,,,,master only (1),,,,
Sero-105-R15,Sero-105,M,1,8,34.9,12.7,0,0,1,pv,2,10693,10693000,7.029099567,0,,,10693000,7.029099567,,,,,,,,,,,,,,,,,,,,,,,,,,,1,Arba Minch,"Monday, 13 December 2021",30,21,70,1.84509804,4138,197.047619,137.9333333,2.139669232,57,71.2,,,1,,,2,,,,,,,,,,,,,,,,,,,master only (1),,,,
Sero-105-R17,Sero-105,M,1,8,39.3,12.2,1,0,1,pv,2,,,,,,,,,,,,,,,,,,,,,,,,,,,,,,,,,,,1,Arba Minch,"Wednesday, 16 February 2022",30,6,20,1.301029996,16,2.666666667,0.533333333,-0.273001272,51,68,,,1,,,2,,,,,,,,,,,,,,,,,,,master only (1),,,,
Sero-106-R01,Sero-106,M,1,20,39,14.7,1,0,1,pv,2,1280,1280000,6.10720997,0,,,1280000,6.10720997,2,26.06,4.904659498,80289.6377,24111.00231,4.382215265,20.23,7.410942611,25759807.35,5647044.855,6.751821237,,,,,,,,,,,,,,,,1,Arba Minch,"Thursday, 31 December 2020",30,20,66.66666667,1.823908741,140,7,4.666666667,0.669006781,,,,1,1,1,,2,0.854,0.788,200,0.36,0.367,200,0.221,0.208,200,0.2,0.204,200,0.458,0.437,200,0.214,0.189,200,matched (3),,,,
Sero-107-R01,Sero-107,F,0,18,35.7,12.1,0,0,1,pv,2,1080,1080000,6.033423755,0,,,1080000,6.033423755,2,26.33,4.807885305,64251.80086,19294.83509,4.285441071,21.07,7.161165626,14493244.74,3177197.796,6.502044253,,,,,,,,,,,,,,,,1,Arba Minch,"Friday, 1 January 2021",32,21,65.625,1.817069316,163,7.761904762,5.09375,0.707037626,,,,1,1,1,,2,0.694,0.677,200,0.498,0.55,200,0.317,0.261,200,1.079,0.974,200,2.511,2.335,200,0.179,0.217,200,matched (3),,,,
Sero-107-R17,Sero-107,F,0,18,35.1,13.2,0,0,1,pv,2,,,,,,,,,,,,,,,,,,,,,,,,,,,,,,,,,,,1,Arba Minch,"Wednesday, 2 March 2022",30,4,13.33333333,1.124938737,21,5.25,0.7,-0.15490196,51,68.9,,,1,,,2,,,,,,,,,,,,,,,,,,,master only (1),,,,
Sero-108-R01,Sero-108,M,1,12,38.2,12.8,1,0,1,neg,0,0,0,,0,,,0,,,,,,,,,,,,,,,,,,,,,,,,,,,,0,Arba Minch,"Friday, 1 January 2021",31,0,0,,0,,0,,,,,,0,,,,0.155,0.167,200,0.093,0.095,200,0.08,0.063,200,0.124,0.12,200,0.287,0.197,200,0.077,0.076,200,matched (3),,,,
Sero-109-R01,Sero-109,F,0,8,39.8,9.4,1,0,1,pv,2,1393,1393000,6.143951116,0,,,1393000,6.143951116,2,23.18,5.936917563,864803.7471,259700.825,5.414473329,17.04,8.359500446,228823406.2,50162488.44,7.700379073,,,,,,,,,,,,,,,,0,Arba Minch,"Friday, 1 January 2021",37,0,0,,0,,0,,,,,1,1,1,,2,0.274,0.269,200,1.383,1.348,200,0.468,0.406,200,0.419,0.403,200,1.544,1.4,200,0.349,0.463,200,matched (3),,,,
Sero-110-R01,Sero-110,M,1,15,35.9,14.2,0,0,1,pv,2,3320,3320000,6.521138084,0,,,3320000,6.521138084,2,24.95,5.302508961,200682.2495,60264.9398,4.780064727,20.92,7.205768659,16060854.91,3520848.074,6.546647286,,,,,,,,,,,,,,,,1,Arba Minch,"Saturday, 2 January 2021",31,11,35.48387097,1.550030991,28,2.545454545,0.903225806,-0.044203662,,,,1,1,1,,2,0.227,0.231,200,0.286,0.306,200,0.152,0.123,200,0.16,0.141,200,0.248,0.255,200,0.103,0.103,200,matched (3),,,,
Sero-111-R01,Sero-111,M,1,8,36.8,6.6,0,0,1,pv,2,920,920000,5.963787827,0,,,920000,5.963787827,3,20.22,6.997849462,9950604.44,2988169.502,6.475405229,15.03,8.957181088,906110344.1,198636802.2,8.298059715,25.06,5042000,,,3024595.081,604.9190162,,25.39,,,,26.75,,,,1,Arba Minch,"Saturday, 2 January 2021",32,12,37.5,1.574031268,63,5.25,1.96875,0.294190571,,,6.480667114,1,1,1,,,0.9,0.905,200,0.425,0.427,200,0.276,0.269,200,0.336,0.342,200,0.648,0.625,200,0.238,0.231,200,matched (3),,,,
Sero-112-R01,Sero-112,M,1,8,38.9,14.2,1,0,1,pv,2,48,48000,4.681241237,0,,,48000,4.681241237,2,25.44,5.12688172,133931.1878,40219.57591,4.604437487,23.05,6.57240559,3735989.012,819000.5942,5.913284217,,,,,,,,,,,,,,,,0,Arba Minch,"Saturday, 2 January 2021",31,0,0,,0,,0,,,,,1,1,1,,2,0.159,0.157,200,0.125,0.138,200,0.069,0.061,200,0.085,0.08,200,0.112,0.161,200,0.049,0.048,200,matched (3),,,,
Sero-113-R01,Sero-113,F,0,10,36.2,10.9,0,0,1,pv,2,31,31000,4.491361694,0,,,31000,4.491361694,2,29.91,3.524731183,3347.581683,1005.279785,3.002286949,23.11,6.554564377,3585620.953,786037.0257,5.895443004,,,,,,,,,,,,,,,,0,Arba Minch,"Monday, 4 January 2021",30,0,0,,0,,0,,,,,1,1,1,,2,0.251,0.26,200,0.231,0.238,200,0.143,0.101,200,0.219,0.223,200,0.44,0.394,200,0.153,0.184,200,matched (3),,,,
Sero-114-R01,Sero-114,M,1,56,35,12.8,0,0,1,pv,2,48,48000,4.681241237,0,,,48000,4.681241237,2,28.12,4.166308244,14665.88394,4404.16935,3.64386401,20.73,7.262265834,18292195.49,4010000.813,6.603144461,,,,,,,,,,,,,,,,0,Arba Minch,"Monday, 4 January 2021",30,0,0,,0,,0,,,,,1,1,1,,2,1.356,1.355,200,2.77,2.752,200,0.688,0.862,200,0.533,0.684,200,1.083,0.972,200,0.585,0.604,200,matched (3),,,,
Sero-115-R01,Sero-115,F,0,16,37.8,13.4,1,0,1,,,,,,,,,,,2,23.21,5.926164875,843654.9802,253349.8439,5.403720641,18.7,7.865893547,73433384.9,16098009.3,7.206772174,,,,,,,,,,,,,,,,1,Arba Minch,"Monday, 4 January 2021",32,12,37.5,1.574031268,100,8.333333333,3.125,0.494850022,,,,1,,1,,2,0.334,0.305,200,0.545,0.508,200,0.236,0.26,200,0.208,0.221,200,0.577,0.46,200,0.114,0.114,200,matched (3),,,,
Sero-117-R01,Sero-117,M,1,30,35.7,15.4,0,0,1,pv,2,80,80000,4.903089987,0,,,80000,4.903089987,2,26.71,4.671684588,46955.29656,14100.68966,4.149240354,23.24,6.515908415,3280261.11,719096.2794,5.856787042,,,,,,,,,,,,,,,,1,Arba Minch,"Tuesday, 5 January 2021",32,6,18.75,1.273001272,8,1.333333333,0.25,-0.602059991,,,,1,1,1,,2,0.402,0.394,200,0.543,0.545,200,0.24,0.255,200,0.237,0.243,200,0.419,0.367,200,0.193,0.174,200,matched (3),,,,
Sero-118-R01,Sero-118,M,1,11,37.8,10.8,1,0,1,pv,2,448,448000,5.651278014,200,200000,5.301029996,648000,5.811575006,2,25.95,4.944086022,87919.66437,26402.30161,4.421641788,19.13,7.738031519,54705566.47,11992511.57,7.078910146,,,,,,,,,,,,,,,,1,Arba Minch,"Wednesday, 6 January 2021",31,17,54.83870968,1.739087228,3142,184.8235294,101.3548387,2.005844487,,,,1,1,1,1,2,0.161,0.166,200,0.139,0.141,200,0.116,0.12,200,0.25,0.267,200,0.558,0.4,200,0.129,0.163,200,matched (3),,,,
Sero-120-R01,Sero-120,F,0,50,36.8,13.5,0,0,1,pv,2,47,47000,4.672097858,0,,,47000,4.672097858,1,,,,,,,,,,,28.69,518100,,,310797.8404,62.15956809,,36.01,,,,,,,,0,Arba Minch,"Friday, 8 January 2021",30,0,0,,0,,0,,,,5.492477894,1,1,,,,0.725,0.676,200,0.508,0.52,200,0.259,0.253,200,0.471,0.45,200,0.354,0.345,200,0.269,0.212,200,matched (3),,,,
Sero-121-R01,Sero-121,M,1,6,39.8,8.8,1,0,1,pv,2,560,560000,5.748188027,0,,,560000,5.748188027,2,19.01,7.431541219,27011034.56,8111421.791,6.909096985,15.05,8.951234017,893786966.3,195935280.9,8.292112644,,,,,,,,,,,,,,,,1,Arba Minch,"Friday, 8 January 2021",30,9,30,1.477121255,24,2.666666667,0.8,-0.096910013,,,,1,1,1,,2,0.891,0.911,200,0.904,0.876,200,0.418,0.445,200,0.463,0.489,200,0.501,0.376,200,0.328,0.286,200,matched (3),,,,
Sero-123-R13,Sero-123,M,1,30,35.8,12.6,0,0,1,pv,2,16871,16871000,7.227140825,0,,,16871000,7.227140825,,,,,,,,,,,,,,,,,,,,,,,,,,,1,Arba Minch,"Wednesday, 24 November 2021",28,13,46.42857143,1.666785321,1061,81.61538462,37.89285714,1.578557353,58,70.73170732,,,1,,,2,,,,,,,,,,,,,,,,,,,master only (1),,,,
Sero-123-R16,Sero-123,M,1,30,35.2,14.3,0,0,1,pv,2,,,,,,,,,,,,,,,,,,,,,,,,,,,,,,,,,,,0,Arba Minch,"Tuesday, 15 February 2022",30,0,0,,0,0,0,,51,63.5,,,1,,,2,,,,,,,,,,,,,,,,,,,master only (1),,,,
Sero-124-R01,Sero-124,M,1,20,38.4,14.8,1,0,1,pv,2,240,240000,5.380211242,0,,,240000,5.380211242,2,24.88,5.327598566,212617.2841,63849.03426,4.805154333,18.32,7.978887898,95255025.52,20881732.32,7.319766524,,,,,,,,,,,,,,,,1,Arba Minch,"Friday, 8 January 2021",30,13,43.33333333,1.636822098,63,4.846153846,2.1,0.322219295,,,,1,1,1,,2,0.459,0.505,200,0.548,0.622,200,0.275,0.304,200,0.371,0.43,200,0.551,0.39,200,0.634,0.502,200,matched (3),,,,
Sero-125-R01,Sero-125,F,0,35,38.5,13.8,1,0,1,pv,2,880,880000,5.944482672,0,,,880000,5.944482672,2,24.34,5.521146953,332006.7806,99701.73591,4.99870272,17.67,8.172167707,148650956.3,32587146.57,7.513046334,,,,,,,,,,,,,,,,1,Arba Minch,"Friday, 8 January 2021",32,21,65.625,1.817069316,841,40.04761905,26.28125,1.419646017,,,,1,1,1,,2,0.331,0.361,200,0.254,0.237,200,0.143,0.148,200,0.891,0.937,200,0.178,0.222,200,0.109,0.123,200,matched (3),,,,
Sero-131-R16,Sero-131,M,1,13,35.7,13.5,0,0,1,pv,2,,,,,,,,,,,,,,,,,,,,,,,,,,,,,,,,,,,1,Arba Minch,"Tuesday, 22 February 2022",29,9,31.03448276,1.491844512,33,3.666666667,1.137931034,0.056115942,49,67.1,,,1,,,2,,,,,,,,,,,,,,,,,,,master only (1),,,,
Sero-148-R13,Sero-148,M,1,19,38.8,13.4,1,0,1,pv,2,2241,2241000,6.350441857,0,,,2241000,6.350441857,,,,,,,,,,,,,,,,,,,,,,,,,,,1,Arba Minch,"Saturday, 8 January 2022",30,5,16.66666667,1.22184875,61,12.2,2.033333333,0.30820858,44,59,,,1,,,2,,,,,,,,,,,,,,,,,,,master only (1),,,,
Sero-161-R12,Sero-161,F,0,11,35.4,12.9,0,0,1,pfpv,3,32775,32775000,7.5155427,0,,,32775000,7.5155427,,,,,,,,,,,,,,,,,,,,,,,,,,,1,Arba Minch,"Wednesday, 1 December 2021",30,2,6.666666667,0.823908741,4,2,0.133333333,-0.875061263,49,66.21621622,,,1,,,,,,,,,,,,,,,,,,,,,,master only (1),,,,
Sero-161-R14,Sero-161,F,0,11,40.2,12.6,1,0,1,pv,2,11169,11169000,7.048014291,270,270000,5.431363764,11439000,7.05838806,,,,,,,,,,,,,,,,,,,,,,,,,,,1,Arba Minch,"Monday, 3 January 2022",30,7,23.33333333,1.367976785,304,43.42857143,10.13333333,1.005752329,61,77.2,,,1,,1,2,,,,,,,,,,,,,,,,,,,master only (1),,,,
Sero-162-R09,Sero-162,M,1,8,38,13,1,0,1,pv,2,4271,4271000,6.630529571,0,,,4271000,6.630529571,,,,,,,,,,,,,,,,,,,,,,,,,,,1,Arba Minch,"Thursday, 9 September 2021",32,24,75,1.875061263,466,19.41666667,14.5625,1.163235938,97,80,,,1,,,2,,,,,,,,,,,,,,,,,,,master only (1),,,,
Sero-177-R10,Sero-177,M,1,6,37.7,11,1,0,1,pv,2,4910,4910000,6.691081492,0,,,4910000,6.691081492,,,,,,,,,,,,,,,,,,,,,,,,,,,0,Arba Minch,"Monday, 31 January 2022",30,0,0,,0,0,0,,58,78.3,,,1,,,2,,,,,,,,,,,,,,,,,,,master only (1),,,,
Sero-182-R12,Sero-182,M,1,15,36.4,14.6,0,0,1,pv,2,16756,16756000,7.224170352,0,,,16756000,7.224170352,,,,,,,,,,,,,,,,,,,,,,,,,,,1,Arba Minch,"Tuesday, 14 December 2021",30,1,3.333333333,0.522878745,2,2,0.066666667,-1.176091259,53,71.6,,,1,,,2,,,,,,,,,,,,,,,,,,,master only (1),,,,
Sero-183-R10,Sero-183,F,0,12,37.2,13.6,0,0,1,pv,2,,,,,,,,,,,,,,,,,,,,,,,,,,,,,,,,,,,1,Arba Minch,"Monday, 8 November 2021",31,24,77.41935484,1.888849548,2037,84.875,65.70967742,1.817629335,56,74.6,,,1,,,2,,,,,,,,,,,,,,,,,,,master only (1),,,,
Sero-185-R12,Sero-185,M,1,12,36.4,13.4,0,0,1,pv,2,31950,31950000,7.504470862,0,,,31950000,7.504470862,,,,,,,,,,,,,,,,,,,,,,,,,,,1,Arba Minch,"Tuesday, 11 January 2022",32,22,68.75,1.837272703,1175,53.40909091,36.71875,1.564887888,63,77.7,,,1,,,2,,,,,,,,,,,,,,,,,,,master only (1),,,,
Sero-194-R12,Sero-194,M,1,13,37.7,13,1,0,1,pv,2,14376,14376000,7.157638064,0,,,14376000,7.157638064,,,,,,,,,,,,,,,,,,,,,,,,,,,1,Arba Minch,"Friday, 17 December 2021",31,2,6.451612903,0.809668302,2,1,0.064516129,-1.190331698,70,87.5,,,1,,,2,,,,,,,,,,,,,,,,,,,master only (1),,,,
Sero-195-R11,Sero-195,M,1,10,36,11.8,0,0,1,pv,2,440,440000,5.643452676,0,,,440000,5.643452676,,,,,,,,,,,,,,,,,,,,,,,,,,,0,Arba Minch,"Saturday, 22 January 2022",30,0,0,,0,0,0,,79,90.8,,,1,,,2,,,,,,,,,,,,,,,,,,,master only (1),,,,
Sero-196-R07,Sero-196,M,1,14,38,12.2,1,0,1,pv,2,1037,1037000,6.015778756,0,,,1037000,6.015778756,,,,,,,,,,,,,,,,,,,,,,,,,,,1,Arba Minch,"Tuesday, 31 August 2021",34,12,35.29411765,1.547702329,26,2.166666667,0.764705882,-0.116505569,100,80,,,1,,,2,,,,,,,,,,,,,,,,,,,master only (1),,,,
Sero-215-R05,Sero-215,M,1,11,37.1,12.9,0,0,1,pv,2,1600,1600000,6.204119983,0,,,1600000,6.204119983,,,,,,,,,,,,,,,,,,,,,,,,,,,1,Arba Minch,"Friday, 17 September 2021",30,13,43.33333333,1.636822098,581,44.69230769,19.36666667,1.287054878,65,74,,,1,,,2,,,,,,,,,,,,,,,,,,,master only (1),,,,
Sero-215-R07,Sero-215,M,1,11,36.7,13.6,0,0,1,pv,2,1970,1970000,6.294466226,0,,,1970000,6.294466226,,,,,,,,,,,,,,,,,,,,,,,,,,,1,Arba Minch,"Saturday, 20 November 2021",30,8,26.66666667,1.425968732,347,43.375,11.56666667,1.06320822,48,60.75949367,,,1,,,2,,,,,,,,,,,,,,,,,,,master only (1),,,,
Sero-218-R08,Sero-218,F,0,15,38,13.1,1,0,1,pv,2,2009,2009000,6.302979937,0,,,2009000,6.302979937,,,,,,,,,,,,,,,,,,,,,,,,,,,1,Arba Minch,"Tuesday, 23 November 2021",30,13,43.33333333,1.636822098,73,5.615384615,2.433333333,0.386201605,76,80.85106383,,,1,,,2,,,,,,,,,,,,,,,,,,,master only (1),,,,
Sero-222-R05,Sero-222,M,1,13,40.8,9.8,1,0,1,pv,2,2536,2536000,6.404149249,0,,,2536000,6.404149249,,,,,,,,,,,,,,,,,,,,,,,,,,,0,Arba Minch,"Saturday, 28 August 2021",30,0,0,,0,0,0,,97,85,,,1,,,2,,,,,,,,,,,,,,,,,,,master only (1),,,,
Sero-226-R05,Sero-226,M,1,15,36,11,0,0,1,pv,2,4444,4444000,6.64777405,0,,,4444000,6.64777405,,,,,,,,,,,,,,,,,,,,,,,,,,,1,Arba Minch,"Tuesday, 7 September 2021",30,25,83.33333333,1.920818754,842,33.68,28.06666667,1.448190837,84,75,,,1,,,2,,,,,,,,,,,,,,,,,,,master only (1),,,,
Sero-226-R08,Sero-226,M,1,15,36.8,9.4,0,0,1,pv,2,9425,9425000,6.974281359,0,,,9425000,6.974281359,,,,,,,,,,,,,,,,,,,,,,,,,,,0,Arba Minch,"Thursday, 2 December 2021",30,0,0,,0,0,0,,65,80.24691358,,,1,,,2,,,,,,,,,,,,,,,,,,,master only (1),,,,
Sero-229-R06,Sero-229,M,1,12,37.5,11.1,1,0,1,pv,2,,,,,,,,,,,,,,,,,,,,,,,,,,,,,,,,,,,1,Arba Minch,"Saturday, 9 October 2021",31,1,3.225806452,0.508638306,13,13,0.419354839,-0.377418342,56,64,,,1,,,2,,,,,,,,,,,,,,,,,,,master only (1),,,,
Sero-230-R05,Sero-230,F,0,10,37.7,11.8,1,0,1,pv,2,,,,,,,,,,,,,,,,,,,,,,,,,,,,,,,,,,,1,Arba Minch,"Wednesday, 6 October 2021",31,17,54.83870968,1.739087228,205,12.05882353,6.612903226,0.820392167,65,82,,,1,,,2,,,,,,,,,,,,,,,,,,,master only (1),,,,
Sero-230-R07,Sero-230,F,0,10,37.5,12.9,1,0,1,pv,2,142,142000,5.152288344,0,,,142000,5.152288344,,,,,,,,,,,,,,,,,,,,,,,,,,,1,Arba Minch,"Tuesday, 30 November 2021",29,15,51.72413793,1.713693261,91,6.066666667,3.137931034,0.496643394,45,59.21052632,,,1,,,2,,,,,,,,,,,,,,,,,,,master only (1),,,,
Sero-232-R06,Sero-232,M,1,15,38.6,13.2,1,0,1,pv,2,,,,,,,,,,,,,,,,,,,,,,,,,,,,,,,,,,,1,Arba Minch,"Friday, 8 October 2021",33,15,45.45454545,1.657577319,97,6.466666667,2.939393939,0.468257794,80,80,,,1,,,2,,,,,,,,,,,,,,,,,,,master only (1),,,,
Sero-232-R08,Sero-232,M,1,15,38.1,14,1,0,1,pv,2,2086,2086000,6.319314304,0,,,2086000,6.319314304,,,,,,,,,,,,,,,,,,,,,,,,,,,1,Arba Minch,"Thursday, 25 November 2021",30,14,46.66666667,1.669006781,154,11,5.133333333,0.710399466,44,57.14285714,,,1,,,2,,,,,,,,,,,,,,,,,,,master only (1),,,,
Sero-234-R06,Sero-234,M,1,10,38.5,12.7,1,0,1,pv,2,6990,6990000,6.844477176,0,,,6990000,6.844477176,,,,,,,,,,,,,,,,,,,,,,,,,,,1,Arba Minch,"Monday, 11 October 2021",30,13,43.33333333,1.636822098,299,23,9.966666667,0.998549934,39,61,,,1,,,2,,,,,,,,,,,,,,,,,,,master only (1),,,,
Sero-235-R04,Sero-235,M,1,14,36.6,11.6,0,0,1,pv,2,647,647000,5.810904281,0,,,647000,5.810904281,,,,,,,,,,,,,,,,,,,,,,,,,,,1,Arba Minch,"Friday, 27 August 2021",30,7,23.33333333,1.367976785,100,14.28571429,3.333333333,0.522878745,93,78,,,1,,,2,,,,,,,,,,,,,,,,,,,master only (1),,,,
Sero-242-R07,Sero-242,M,1,20,35.9,13.5,0,0,1,pv,2,4553,4553000,6.65829765,0,,,4553000,6.65829765,,,,,,,,,,,,,,,,,,,,,,,,,,,1,Arba Minch,"Tuesday, 14 December 2021",30,4,13.33333333,1.124938737,28,7,0.933333333,-0.029963223,54,72,,,1,,,2,,,,,,,,,,,,,,,,,,,master only (1),,,,
Sero-248-R04,Sero-248,M,1,12,37,13.4,0,0,1,pv,2,6059,6059000,6.782400952,0,,,6059000,6.782400952,,,,,,,,,,,,,,,,,,,,,,,,,,,1,Arba Minch,"Monday, 30 August 2021",31,3,9.677419355,0.985759561,4,1.333333333,0.129032258,-0.889301703,80,87.5,,,1,,,2,,,,,,,,,,,,,,,,,,,master only (1),,,,
Sero-253-R06,Sero-253,F,0,13,37.2,10,0,0,1,pv,2,9684,9684000,6.986054781,0,,,9684000,6.986054781,,,,,,,,,,,,,,,,,,,,,,,,,,,0,Arba Minch,"Tuesday, 16 November 2021",30,0,0,,0,0,0,,62,75.6097561,,,1,,,2,,,,,,,,,,,,,,,,,,,master only (1),,,,
Sero-256-R06,Sero-256,F,0,18,39,12.8,1,0,1,pv,2,5333,5333000,6.726971584,0,,,5333000,6.726971584,,,,,,,,,,,,,,,,,,,,,,,,,,,1,Arba Minch,"Thursday, 18 November 2021",30,7,23.33333333,1.367976785,56,8,1.866666667,0.271066772,68,83.95061728,,,1,,,2,,,,,,,,,,,,,,,,,,,master only (1),,,,
Sero-256-R09,Sero-256,F,0,18,38.2,12.8,1,0,1,pv,2,,,,,,,,,,,,,,,,,,,,,,,,,,,,,,,,,,,0,Arba Minch,"Thursday, 10 February 2022",30,0,0,,0,0,0,,61,73,,,1,,,2,,,,,,,,,,,,,,,,,,,master only (1),,,,
Sero-258-R04,Sero-258,M,1,12,38.9,14.2,1,0,1,pv,2,27781,27781000,7.443747874,517,517000,5.713490543,28298000,7.451755742,,,,,,,,,,,,,,,,,,,,,,,,,,,1,Arba Minch,"Monday, 13 September 2021",30,3,10,1,49,16.33333333,1.633333333,0.213074825,50,60.2,,,1,,1,2,,,,,,,,,,,,,,,,,,,master only (1),,,,
Sero-258-R10,Sero-258,M,1,12,38.5,13.4,1,0,1,pv,2,1799,1799000,6.255031163,0,,,1799000,6.255031163,,,,,,,,,,,,,,,,,,,,,,,,,,,1,Arba Minch,"Saturday, 5 February 2022",30,1,3.333333333,0.522878745,1,1,0.033333333,-1.477121255,48,60.7,,,1,,,2,,,,,,,,,,,,,,,,,,,master only (1),,,,
Sero-265-R01,Sero-265,M,1,35,37.1,14.9,0,0,1,pv,2,4435,4435000,6.646893624,158,158000,5.198657087,4593000,6.662096445,,,,,,,,,,,,,,,,,,,,,,,,,,,1,Arba Minch,"Monday, 2 August 2021",32,29,90.625,1.95724802,1265,43.62068966,39.53125,1.596940547,116,89.2,,,1,,1,2,,,,,,,,,,,,,,,,,,,master only (1),,,,
Sero-267-R05,Sero-267,M,1,18,37.5,12.8,1,0,1,pv,2,,,,,,,,,,,,,,,,,,,,,,,,,,,,,,,,,,,1,Arba Minch,"Thursday, 28 October 2021",33,19,57.57575758,1.760239661,710,37.36842105,21.51515152,1.332744409,86,82.6,,,1,,,2,,,,,,,,,,,,,,,,,,,master only (1),,,,
Sero-268-R01,Sero-268,M,1,12,38.2,12.4,1,0,1,pv,2,4487,4487000,6.65195607,0,,,4487000,6.65195607,,,,,,,,,,,,,,,,,,,,,,,,,,,1,Arba Minch,"Tuesday, 10 August 2021",30,18,60,1.77815125,154,8.555555556,5.133333333,0.710399466,82,87.2,,,1,,,2,,,,,,,,,,,,,,,,,,,master only (1),,,,
Sero-269-R01,Sero-269,M,1,19,39.7,10.6,1,0,1,pv,2,11480,11480000,7.059941888,0,,,11480000,7.059941888,,,,,,,,,,,,,,,,,,,,,,,,,,,1,Arba Minch,"Thursday, 12 August 2021",31,15,48.38709677,1.684729565,142,9.466666667,4.580645161,0.660926651,55,68.5,,,1,,,2,,,,,,,,,,,,,,,,,,,master only (1),,,,
Sero-271-R01,Sero-271,F,0,11,37.3,13.2,0,0,1,pv,2,27287,27287000,7.435955791,0,,,27287000,7.435955791,,,,,,,,,,,,,,,,,,,,,,,,,,,1,Arba Minch,"Friday, 13 August 2021",33,32,96.96969697,1.986636038,959,29.96875,29.06060606,1.463304667,100,93.3,,,1,,,2,,,,,,,,,,,,,,,,,,,master only (1),,,,
Sero-271-R04,Sero-271,F,0,11,36.8,14.6,0,0,1,pv,2,,,,,,,,,,,,,,,,,,,,,,,,,,,,,,,,,,,1,Arba Minch,"Tuesday, 28 September 2021",32,19,59.375,1.773603623,246,12.94736842,7.6875,0.885785129,47,66,,,1,,,2,,,,,,,,,,,,,,,,,,,master only (1),,,,
Sero-271-R06,Sero-271,F,0,11,36.4,13.9,0,0,1,pv,2,,,,,,,,,,,,,,,,,,,,,,,,,,,,,,,,,,,1,Arba Minch,"Tuesday, 2 November 2021",32,8,25,1.397940009,238,29.75,7.4375,0.871426979,74,75.5,,,1,,,2,,,,,,,,,,,,,,,,,,,master only (1),,,,
Sero-272-R01,Sero-272,F,0,22,35.8,14,0,0,1,pv,2,,,,,,,,,,,,,,,,,,,,,,,,,,,,,,,,,,,1,Arba Minch,"Monday, 16 August 2021",30,23,76.66666667,1.884606581,1283,55.7826087,42.76666667,1.631105402,70,82.3,,,1,,,2,,,,,,,,,,,,,,,,,,,master only (1),,,,
Sero-273-R01,Sero-273,M,1,14,36,12.2,0,0,1,pv,2,1115,1115000,6.047274867,0,,,1115000,6.047274867,,,,,,,,,,,,,,,,,,,,,,,,,,,1,Arba Minch,"Friday, 20 August 2021",30,21,70,1.84509804,288,13.71428571,9.6,0.982271233,90,82.2,,,1,,,2,,,,,,,,,,,,,,,,,,,master only (1),,,,
Sero-274-R01,Sero-274,F,0,12,39.1,12.7,1,0,1,pv,2,2217,2217000,6.345765693,0,,,2217000,6.345765693,,,,,,,,,,,,,,,,,,,,,,,,,,,1,Arba Minch,"Wednesday, 25 August 2021",32,9,28.125,1.449092531,34,3.777777778,1.0625,0.026328939,90,73.3,,,1,,,2,,,,,,,,,,,,,,,,,,,master only (1),,,,
Sero-275-R01,Sero-275,M,1,10,39.1,10.6,1,0,1,pv,2,9154,9154000,6.961610908,0,,,9154000,6.961610908,,,,,,,,,,,,,,,,,,,,,,,,,,,1,Arba Minch,"Friday, 27 August 2021",30,7,23.33333333,1.367976785,22,3.142857143,0.733333333,-0.134698574,88,79,,,1,,,2,,,,,,,,,,,,,,,,,,,master only (1),,,,
Sero-276-R01,Sero-276,M,1,12,39.1,9.4,1,0,1,pv,2,10830,10830000,7.034628457,0,,,10830000,7.034628457,,,,,,,,,,,,,,,,,,,,,,,,,,,0,Arba Minch,"Friday, 3 September 2021",30,0,0,,0,0,0,,86,65,,,1,,,2,,,,,,,,,,,,,,,,,,,master only (1),,,,
Sero-277-R01,Sero-277,F,0,12,39.6,8.9,1,0,1,pv,2,3368,3368000,6.527372083,0,,,3368000,6.527372083,,,,,,,,,,,,,,,,,,,,,,,,,,,0,Arba Minch,"Friday, 3 September 2021",30,0,0,,0,0,0,,87,71,,,1,,,2,,,,,,,,,,,,,,,,,,,master only (1),,,,
Sero-277-R04,Sero-277,F,0,12,34.9,11.6,0,0,1,pv,2,,,,,,,,,,,,,,,,,,,,,,,,,,,,,,,,,,,1,Arba Minch,"Tuesday, 2 November 2021",31,15,48.38709677,1.684729565,2562,170.8,82.64516129,1.917217432,59,75.6,,,1,,,2,,,,,,,,,,,,,,,,,,,master only (1),,,,
Sero-278-R01,Sero-278,F,0,20,37.7,13.9,1,0,1,pv,2,,,,,,,,,,,,,,,,,,,,,,,,,,,,,,,,,,,1,Arba Minch,"Friday, 29 October 2021",31,20,64.51612903,1.809668302,320,16,10.32258065,1.013788284,48,62,,,1,,,2,,,,,,,,,,,,,,,,,,,master only (1),,,,
Sero-279-R01,Sero-279,M,1,7,36.3,12.6,0,0,1,pv,2,,,,,,,,,,,,,,,,,,,,,,,,,,,,,,,,,,,1,Arba Minch,"Saturday, 30 October 2021",30,12,40,1.602059991,526,43.83333333,17.53333333,1.243864489,52,71,,,1,,,2,,,,,,,,,,,,,,,,,,,master only (1),,,,
Sero-280-R01,Sero-280,M,1,7,37.1,14.1,0,0,1,Pf,1,,,,,,,,,,,,,,,,,,,,,,,,,,,,,,,,,,,0,Arba Minch,"Tuesday, 2 November 2021",30,0,0,,0,0,0,,64,70.3,,,1,,,,,,,,,,,,,,,,,,,,,,master only (1),,,,
Sero-281-R01,Sero-281,F,0,13,39.4,14.7,1,0,1,pv,2,,,,,,,,,,,,,,,,,,,,,,,,,,,,,,,,,,,0,Arba Minch,"Wednesday, 3 November 2021",35,0,0,,0,0,0,,61,73,,,1,,,2,,,,,,,,,,,,,,,,,,,master only (1),,,,
Sero-282-R01,Sero-282,F,0,9,37.6,12.6,1,0,1,pv,2,,,,,,,,,,,,,,,,,,,,,,,,,,,,,,,,,,,0,Arba Minch,"Thursday, 4 November 2021",31,0,0,,0,0,0,,78,64,,,1,,,2,,,,,,,,,,,,,,,,,,,master only (1),,,,
Sero-283-R01,Sero-283,F,0,30,39.8,13,1,0,1,pv,2,,,,,,,,,,,,,,,,,,,,,,,,,,,,,,,,,,,1,Arba Minch,"Tuesday, 9 November 2021",31,11,35.48387097,1.550030991,70,6.363636364,2.258064516,0.353736346,58,78,,,1,,,2,,,,,,,,,,,,,,,,,,,master only (1),,,,
Sero-284-R01,Sero-284,M,1,20,36.3,13.6,0,0,1,pv,2,6796,6796000,6.83225337,0,,,6796000,6.83225337,,,,,,,,,,,,,,,,,,,,,,,,,,,1,Arba Minch,"Saturday, 13 November 2021",30,12,40,1.602059991,62,5.166666667,2.066666667,0.315270435,59,76.6,,,1,,,2,,,,,,,,,,,,,,,,,,,master only (1),,,,
Sero-285-R01,Sero-285,M,1,19,38.6,14.1,1,0,1,pv,2,13069,13069000,7.116242358,0,,,13069000,7.116242358,,,,,,,,,,,,,,,,,,,,,,,,,,,1,Arba Minch,"Tuesday, 16 November 2021",30,21,70,1.84509804,310,14.76190476,10.33333333,1.014240439,66,73.33333333,,,1,,,2,,,,,,,,,,,,,,,,,,,master only (1),,,,
Sero-286-R01,Sero-286,M,1,12,37.8,12,1,0,1,pv,2,126,126000,5.100370545,0,,,126000,5.100370545,,,,,,,,,,,,,,,,,,,,,,,,,,,0,Arba Minch,"Tuesday, 30 November 2021",30,0,0,,0,0,0,,66,76.74418605,,,1,,,2,,,,,,,,,,,,,,,,,,,master only (1),,,,
Sero-287-R01,Sero-287,F,0,11,35.4,12.3,0,0,1,pv,2,2732,2732000,6.436480695,0,,,2732000,6.436480695,,,,,,,,,,,,,,,,,,,,,,,,,,,1,Arba Minch,"Wednesday, 1 December 2021",30,22,73.33333333,1.865301426,330,15,11,1.041392685,49,58.33333333,,,1,,,2,,,,,,,,,,,,,,,,,,,master only (1),,,,
Sero-288-R01,Sero-288,F,0,22,39.6,13.2,1,0,1,pv,2,20435,20435000,7.310374642,0,,,20435000,7.310374642,,,,,,,,,,,,,,,,,,,,,,,,,,,1,Arba Minch,"Wednesday, 8 December 2021",30,25,83.33333333,1.920818754,888,35.52,29.6,1.471291711,72,80,,,1,,,2,,,,,,,,,,,,,,,,,,,master only (1),,,,
Sero-288-R05,Sero-288,F,0,22,38.8,12.4,1,0,1,pv,2,,,,,,,,,,,,,,,,,,,,,,,,,,,,,,,,,,,1,Arba Minch,"Monday, 28 February 2022",30,7,23.33333333,1.367976785,116,16.57142857,3.866666667,0.587336735,61,77.2,,,1,,,2,,,,,,,,,,,,,,,,,,,master only (1),,,,
Sero-290-R01,Sero-290,F,0,13,37.7,13.1,1,0,1,pv,2,4475,4475000,6.65079304,0,,,4475000,6.65079304,,,,,,,,,,,,,,,,,,,,,,,,,,,0,Arba Minch,"Tuesday, 21 December 2021",32,0,0,,0,0,0,,69,81,,,1,,,2,,,,,,,,,,,,,,,,,,,master only (1),,,,
Sero-291-R01,Sero-291,F,0,18,37.4,11.5,0,0,1,pv,2,1639,1639000,6.214578954,0,,,1639000,6.214578954,,,,,,,,,,,,,,,,,,,,,,,,,,,1,Arba Minch,"Friday, 24 December 2021",30,1,3.333333333,0.522878745,1,1,0.033333333,-1.477121255,57,64.7,,,1,,,2,,,,,,,,,,,,,,,,,,,master only (1),,,,
Sero-292-R01,Sero-292,F,0,18,35.5,14.5,0,0,1,pv,2,2995,2995000,6.476396827,0,,,2995000,6.476396827,,,,,,,,,,,,,,,,,,,,,,,,,,,1,Arba Minch,"Thursday, 30 December 2021",30,1,3.333333333,0.522878745,1,1,0.033333333,-1.477121255,59,77.6,,,1,,,2,,,,,,,,,,,,,,,,,,,master only (1),,,,
Sero-293-R01,Sero-293,M,1,10,37.3,9,0,0,1,pv,2,,,,,,,,,,,,,,,,,,,,,,,,,,,,,,,,,,,1,Arba Minch,"Friday, 31 December 2021",30,6,20,1.301029996,89,14.83333333,2.966666667,0.472268752,50,67.5,,,1,,,2,,,,,,,,,,,,,,,,,,,master only (1),,,,
Sero-294-R01,Sero-294,M,1,12,38.9,13.4,1,0,1,pv,2,4320,4320000,6.635483747,0,,,4320000,6.635483747,,,,,,,,,,,,,,,,,,,,,,,,,,,1,Arba Minch,"Saturday, 1 January 2022",30,2,6.666666667,0.823908741,17,8.5,0.566666667,-0.246672333,58,76,,,1,,,2,,,,,,,,,,,,,,,,,,,master only (1),,,,
Sero-295-R01,Sero-295,M,1,15,36.6,13.7,0,0,1,pv,2,3287,3287000,6.516799704,0,,,3287000,6.516799704,,,,,,,,,,,,,,,,,,,,,,,,,,,1,Arba Minch,"Saturday, 1 January 2022",30,9,30,1.477121255,145,16.11111111,4.833333333,0.684246748,49,73,,,1,,,2,,,,,,,,,,,,,,,,,,,master only (1),,,,
Sero-296-R01,Sero-296,F,0,25,38.1,10.8,1,0,1,pv,2,4078,4078000,6.610447221,0,,,4078000,6.610447221,,,,,,,,,,,,,,,,,,,,,,,,,,,1,Arba Minch,"Monday, 10 January 2022",29,2,6.896551724,0.838631998,4,2,0.137931034,-0.860338007,69,83.1,,,1,,,2,,,,,,,,,,,,,,,,,,,master only (1),,,,
Sero-297-R01,Sero-297,M,1,12,37.5,12.1,1,0,1,pv,2,6454,6454000,6.809828961,811,811000,5.909020854,7265000,6.861235619,,,,,,,,,,,,,,,,,,,,,,,,,,,1,Arba Minch,"Tuesday, 18 January 2022",30,19,63.33333333,1.801632346,1920,101.0526316,64,1.806179974,81,89,,,1,,1,2,,,,,,,,,,,,,,,,,,,master only (1),,,,
Sero-298-R01,Sero-298,M,1,10,36.5,12.4,0,0,1,pv,2,6226,6226000,6.794209116,394,394000,5.595496222,6620000,6.820857989,,,,,,,,,,,,,,,,,,,,,,,,,,,1,Arba Minch,"Tuesday, 18 January 2022",30,10,33.33333333,1.522878745,61,6.1,2.033333333,0.30820858,63,77.7,,,1,,1,2,,,,,,,,,,,,,,,,,,,master only (1),,,,
Sero-299-R01,Sero-299,M,1,6,37.1,11.9,0,0,1,pv,2,29317,29317000,7.467119527,292,292000,5.465382851,29609000,7.47142374,,,,,,,,,,,,,,,,,,,,,,,,,,,1,Arba Minch,"Wednesday, 2 February 2022",30,5,16.66666667,1.22184875,40,8,1.333333333,0.124938737,58,72.5,,,1,,1,2,,,,,,,,,,,,,,,,,,,master only (1),,,,
Sero-300-R01,Sero-300,M,1,18,38.1,15.3,1,0,1,pv,2,,,,,,,,,,,,,,,,,,,,,,,,,,,,,,,,,,,1,Arba Minch,"Monday, 14 February 2022",32,8,25,1.397940009,219,27.375,6.84375,0.835294137,58,75.3,,,1,,,2,,,,,,,,,,,,,,,,,,,master only (1),,,,
Sero-301-R01,Sero-301,F,0,11,36.9,13.5,0,0,1,pv,2,,,,,,,,,,,,,,,,,,,,,,,,,,,,,,,,,,,1,Arba Minch,"Monday, 21 February 2022",30,14,46.66666667,1.669006781,105,7.5,3.5,0.544068044,51,67,,,1,,,2,,,,,,,,,,,,,,,,,,,master only (1),,,,
Sero-302-R01,Sero-302,F,0,40,37.4,11.7,0,0,1,pv,2,,,,,,,,,,,,,,,,,,,,,,,,,,,,,,,,,,,1,Arba Minch,"Saturday, 26 February 2022",30,10,33.33333333,1.522878745,179,17.9,5.966666667,0.775731776,69,79.3,,,1,,,2,,,,,,,,,,,,,,,,,,,master only (1),,,,
sero-234-R08,sero-234,M,1,10,35.5,13.4,0,0,1,pv,2,,,,,,,,,,,,,,,,,,,,,,,,,,,,,,,,,,,1,Arba Minch,"Thursday, 9 December 2021",28,16,57.14285714,1.756961951,426,26.625,15.21428571,1.182251568,47,62.6,,,1,,,2,,,,,,,,,,,,,,,,,,,master only (1),,,,
sero-267-R07,sero-267,M,1,18,38.7,13.7,1,0,1,pv,2,1236,1236000,6.092018471,0,,,1236000,6.092018471,,,,,,,,,,,,,,,,,,,,,,,,,,,1,Arba Minch,"Wednesday, 15 December 2021",30,14,46.66666667,1.669006781,53,3.785714286,1.766666667,0.247154615,56,76.7,,,1,,,2,,,,,,,,,,,,,,,,,,,master only (1),,,,
sero-281-R05,sero-281,F,0,13,39.3,13.1,1,0,1,pv,2,,,,,,,,,,,,,,,,,,,,,,,,,,,,,,,,,,,1,Arba Minch,"Tuesday, 4 January 2022",30,12,40,1.602059991,370,30.83333333,12.33333333,1.091080469,61,73.4,,,1,,,2,,,,,,,,,,,,,,,,,,,master only (1),,,,
sero-289-R01,sero-289,M,1,35,37.3,13.9,0,0,1,pv,2,748,748000,5.873901598,0,,,748000,5.873901598,,,,,,,,,,,,,,,,,,,,,,,,,,,1,Arba Minch,"Thursday, 16 December 2021",28,14,50,1.698970004,91,6.5,3.25,0.511883361,61,76.2,,,1,,,2,,,,,,,,,,,,,,,,,,,master only (1),,,,
,,,,,,,,,,,,,,,,,,,,,,,,,,,,,,,,,,,,,,,,,,,,,,,,,,,,,,,,,,,,,,,,,,,,,,,,,,,,,,,,,,,,,,,
